student_id,attendance,internal_marks,assignment_score,previous_cgpa,study_hours,backlogs,practical_marks,quiz_score,previous_failures,participation,risk_level
STU0001,82.45,75.27,63.64,9.22,2.28,0,88.14,52.78,2,97.89,Medium
STU0002,72.93,82.43,63.2,6.97,2.95,1,80.07,62.98,2,24.65,Medium
STU0003,84.72,59.04,43.07,7.85,2.42,1,41.05,55.52,1,74.57,High
STU0004,97.85,53.98,65.05,6.94,3.7,0,76.46,84.16,0,77.35,Medium
STU0005,71.49,45.47,80.99,5.87,5.65,2,91.41,64.5,0,58.46,Medium
STU0006,71.49,50.14,50.89,3.66,2.11,1,54.35,52.53,0,55.2,High
STU0007,98.69,100.0,85.73,7.09,5.3,2,61.34,64.55,0,78.36,Medium
STU0008,86.51,87.4,77.32,5.71,2.09,1,66.98,62.46,0,52.7,Medium
STU0009,67.96,40.68,58.99,5.68,1.97,3,71.23,61.7,0,60.66,High
STU0010,83.14,41.2,67.88,6.1,4.97,1,58.56,77.19,0,81.25,Medium
STU0011,68.05,73.67,93.97,9.24,5.16,2,68.97,60.02,0,100.0,Medium
STU0012,68.01,74.85,81.0,10.0,5.03,1,76.73,54.72,3,75.76,Medium
STU0013,78.63,74.88,70.13,7.1,1.13,0,33.83,40.52,1,67.67,Medium
STU0014,46.3,60.41,66.43,6.15,2.66,0,69.27,64.85,0,54.67,Medium
STU0015,49.13,62.74,71.15,5.15,4.98,0,61.5,87.42,1,44.79,Medium
STU0016,66.57,70.9,62.32,7.46,3.57,0,38.98,62.77,1,87.19,Medium
STU0017,59.81,66.55,38.43,9.3,1.57,1,77.59,55.97,0,61.93,Medium
STU0018,79.71,25.05,100.0,6.45,4.32,0,73.29,51.37,2,88.01,High
STU0019,61.38,60.86,72.33,3.47,2.21,1,70.8,33.97,1,58.41,High
STU0020,53.82,49.67,75.97,7.74,6.73,1,78.38,86.18,0,52.01,Medium
STU0021,96.98,68.15,69.13,8.18,6.28,2,73.46,73.72,0,73.42,Medium
STU0022,71.61,100.0,58.97,4.58,4.59,2,55.46,78.85,0,63.47,High
STU0023,76.01,71.61,67.21,7.05,5.95,0,80.29,69.52,0,40.89,Medium
STU0024,53.63,59.36,46.01,7.43,3.62,1,83.2,50.5,0,100.0,High
STU0025,66.83,81.59,100.0,6.7,4.88,1,49.54,59.3,3,52.46,High
STU0026,76.66,73.69,51.48,5.69,6.16,0,82.97,55.99,0,83.55,Medium
STU0027,57.74,72.56,54.52,8.22,3.94,1,63.18,57.5,1,81.84,Medium
STU0028,80.64,75.92,63.4,6.24,3.04,0,78.42,57.61,2,39.81,High
STU0029,65.99,100.0,89.32,4.72,0.5,0,70.58,84.89,1,44.95,High
STU0030,70.62,44.64,70.22,3.93,3.35,0,65.08,100.0,1,58.97,High
STU0031,65.97,73.53,51.46,8.57,4.98,0,77.17,49.3,0,47.69,Medium
STU0032,100.0,48.33,88.82,7.66,5.2,1,62.34,61.95,2,99.53,Medium
STU0033,74.8,75.0,80.97,6.92,4.41,0,86.36,68.9,0,61.0,Medium
STU0034,59.13,48.46,78.08,6.18,2.53,0,89.16,47.35,3,82.79,High
STU0035,87.34,57.49,80.74,6.06,0.5,3,58.7,65.95,2,75.27,High
STU0036,56.69,59.69,100.0,5.29,2.61,2,65.16,71.33,0,70.28,High
STU0037,78.13,82.56,100.0,6.2,2.95,5,61.64,63.6,0,65.81,High
STU0038,45.6,81.53,59.7,3.83,2.94,1,74.38,76.29,2,89.74,High
STU0039,55.08,42.58,94.36,5.77,4.61,1,90.27,65.01,0,48.5,High
STU0040,77.95,65.99,75.75,6.36,7.07,1,39.65,20.0,0,99.53,Medium
STU0041,86.08,52.23,77.49,7.65,3.72,1,43.89,47.71,0,39.26,Medium
STU0042,77.57,42.35,44.62,6.74,3.11,1,66.58,90.78,0,80.63,Medium
STU0043,73.27,61.09,67.44,7.91,3.03,0,71.16,74.37,0,36.9,Medium
STU0044,70.48,59.45,57.81,8.69,3.72,1,52.0,20.0,1,58.69,Medium
STU0045,52.82,100.0,82.42,8.28,2.01,1,71.07,37.82,1,66.87,Medium
STU0046,64.2,72.79,86.07,7.46,3.72,0,55.4,77.99,2,55.27,Medium
STU0047,68.09,40.2,38.88,6.82,4.31,2,60.4,54.63,2,61.37,High
STU0048,90.86,54.83,69.67,5.43,3.88,1,89.58,20.0,1,37.26,High
STU0049,80.15,83.38,86.83,7.84,4.32,0,62.17,84.07,2,45.25,Medium
STU0050,48.55,100.0,67.2,9.15,4.28,1,61.87,78.03,0,74.97,Medium
STU0051,79.86,36.45,80.94,7.28,0.5,2,70.24,50.07,0,65.59,High
STU0052,69.22,31.16,75.27,9.48,4.65,1,86.57,87.41,0,51.19,Medium
STU0053,64.85,98.68,75.12,4.66,2.29,1,67.27,50.75,0,91.49,High
STU0054,84.18,72.01,65.93,5.18,1.53,0,58.51,53.79,0,40.6,High
STU0055,90.46,49.37,51.75,8.0,1.51,2,77.85,56.26,1,57.77,High
STU0056,88.97,74.62,53.18,7.17,4.28,1,81.82,30.88,1,54.89,Medium
STU0057,62.41,20.0,80.64,8.64,3.1,2,87.46,72.43,0,77.3,High
STU0058,70.36,65.06,70.29,6.78,0.5,0,67.39,74.36,0,65.96,Medium
STU0059,79.97,70.9,67.92,5.58,4.36,1,76.08,56.75,0,62.84,Medium
STU0060,89.63,81.64,63.64,6.5,0.91,1,81.44,77.71,0,28.12,Medium
STU0061,67.81,46.75,65.42,4.65,3.75,1,71.09,36.36,0,82.3,High
STU0062,72.22,66.54,85.7,5.22,3.93,1,90.43,77.35,2,60.64,High
STU0063,58.4,48.34,64.97,8.16,5.09,3,79.07,70.86,1,67.31,High
STU0064,57.06,69.6,49.88,8.02,6.71,2,100.0,52.57,1,50.03,Medium
STU0065,87.19,48.88,81.15,7.31,1.04,0,83.6,72.45,0,46.88,Medium
STU0066,95.34,57.65,66.93,4.39,3.41,4,35.25,49.13,0,94.99,High
STU0067,73.92,47.08,70.47,6.3,3.0,2,61.23,84.89,0,29.54,High
STU0068,90.05,76.72,94.11,5.09,4.28,2,40.5,74.49,2,43.92,High
STU0069,80.42,80.45,69.69,8.45,3.89,2,57.14,71.55,0,94.61,Medium
STU0070,65.32,60.78,74.34,5.98,2.87,1,61.69,56.68,1,77.81,Medium
STU0071,80.42,65.69,52.32,5.28,2.71,3,82.77,78.95,2,58.49,High
STU0072,98.07,38.93,66.7,6.84,1.49,0,60.53,86.67,2,89.93,High
STU0073,74.46,59.61,79.14,5.9,5.28,0,91.7,93.92,0,73.94,Medium
STU0074,98.47,64.1,46.67,8.88,4.33,1,56.63,55.18,2,69.65,Medium
STU0075,35.7,100.0,73.01,5.77,5.15,1,63.1,79.73,1,69.51,High
STU0076,87.33,44.98,71.51,4.84,2.94,1,46.92,90.12,0,74.3,Medium
STU0077,76.31,91.36,70.62,3.79,2.32,1,92.56,60.63,0,75.11,High
STU0078,70.51,82.94,85.56,6.76,1.56,0,94.83,90.3,1,100.0,Medium
STU0079,76.38,70.05,75.02,6.01,4.15,1,65.75,67.86,0,61.1,Medium
STU0080,45.19,96.66,92.17,4.8,1.63,1,42.83,46.66,0,61.72,High
STU0081,71.7,71.7,55.1,8.46,6.83,5,64.46,52.22,1,40.26,High
STU0082,80.36,72.0,72.04,7.73,1.15,1,71.95,39.02,0,63.96,Medium
STU0083,97.17,64.04,71.27,6.76,3.99,2,57.21,64.3,2,100.0,High
STU0084,67.23,87.02,53.96,8.71,6.32,2,100.0,62.12,1,84.69,Medium
STU0085,62.87,84.74,84.34,7.73,4.58,2,99.03,68.39,0,54.13,Medium
STU0086,67.47,53.74,100.0,5.65,3.82,2,38.27,89.51,1,65.6,High
STU0087,88.73,41.25,69.74,5.35,1.76,1,48.39,64.7,0,39.07,High
STU0088,79.93,61.35,77.58,7.95,1.01,2,75.8,60.19,0,45.62,Medium
STU0089,67.05,50.6,71.27,7.35,4.89,0,49.78,61.41,2,67.99,High
STU0090,82.7,63.86,59.3,7.04,6.21,1,71.11,31.64,1,55.11,Medium
STU0091,76.46,87.27,42.69,5.61,2.71,2,68.18,77.3,0,44.11,High
STU0092,89.53,56.77,59.41,7.65,1.45,1,67.33,62.29,1,74.8,Medium
STU0093,64.47,64.23,49.12,5.74,0.5,3,85.32,66.45,0,63.35,High
STU0094,70.09,66.04,95.56,6.66,1.73,4,98.73,61.39,1,33.65,High
STU0095,69.12,80.27,68.27,8.83,3.3,2,74.73,67.29,1,23.5,Medium
STU0096,53.05,24.56,64.81,5.87,6.38,1,47.39,41.39,0,53.6,High
STU0097,79.44,54.08,83.34,4.6,4.71,0,70.45,64.98,0,33.23,Medium
STU0098,78.92,68.8,53.17,5.33,4.05,0,58.07,54.13,1,27.62,High
STU0099,75.08,86.6,58.5,8.19,2.78,0,100.0,65.63,0,87.58,Low
STU0100,71.48,56.15,71.02,7.16,2.45,1,79.78,46.73,0,63.05,Medium
STU0101,53.77,31.22,85.43,6.62,6.03,0,74.84,73.61,0,59.69,Medium
STU0102,68.69,76.15,77.53,6.09,3.86,0,79.04,65.39,0,61.23,Medium
STU0103,69.86,53.56,73.72,7.48,0.5,0,67.35,41.68,1,42.24,High
STU0104,62.97,43.59,71.17,5.61,2.29,0,89.28,82.03,2,73.22,High
STU0105,72.58,53.76,76.0,7.23,1.96,4,58.29,55.74,3,62.39,High
STU0106,81.06,61.68,73.02,5.78,2.52,0,84.32,58.54,2,49.85,High
STU0107,100.0,54.11,54.55,5.54,4.51,0,95.06,79.37,0,52.85,Medium
STU0108,77.62,25.3,70.69,5.91,3.31,1,54.16,84.32,2,40.45,High
STU0109,78.86,81.15,53.89,6.27,3.36,1,73.74,56.61,1,56.88,Medium
STU0110,73.88,87.95,71.22,6.73,5.86,0,75.08,67.01,0,60.21,Medium
STU0111,46.22,76.73,62.79,7.13,2.25,5,49.73,77.28,1,56.35,High
STU0112,74.6,44.52,100.0,3.0,6.86,1,44.73,87.74,1,66.1,High
STU0113,75.9,61.37,69.4,5.67,2.29,2,52.43,66.6,1,63.43,High
STU0114,100.0,64.88,48.94,6.25,3.66,3,67.11,73.49,1,69.62,High
STU0115,72.11,75.78,67.99,8.91,2.99,2,75.12,48.55,0,83.86,Medium
STU0116,79.52,77.03,77.79,5.29,3.72,0,61.72,37.78,1,76.86,Medium
STU0117,74.48,51.78,95.1,7.03,4.3,1,100.0,74.99,1,84.09,Medium
STU0118,57.47,66.48,61.16,8.89,4.28,1,85.44,50.48,0,48.05,Medium
STU0119,92.14,73.23,46.26,4.96,2.14,2,75.7,48.36,0,54.83,Medium
STU0120,86.28,91.2,82.25,7.35,1.48,0,60.68,76.55,1,78.07,Medium
STU0121,86.87,77.68,49.29,5.68,8.01,1,69.19,62.35,1,78.43,Medium
STU0122,61.36,79.2,63.46,6.09,2.63,2,86.73,69.1,0,51.43,Medium
STU0123,96.04,66.51,66.14,5.68,4.76,2,83.64,41.9,0,77.23,High
STU0124,53.97,90.39,68.96,5.78,0.61,0,83.46,48.6,0,46.13,Medium
STU0125,83.8,72.38,80.34,10.0,3.0,0,62.84,94.35,1,74.62,Low
STU0126,100.0,49.5,59.75,7.98,3.27,2,59.11,53.16,0,64.47,Medium
STU0127,60.14,90.26,65.89,8.34,4.35,1,43.73,61.34,0,37.31,Medium
STU0128,66.51,77.56,69.79,7.49,0.5,2,76.99,69.27,1,56.32,High
STU0129,76.49,57.03,72.24,4.55,3.8,2,42.19,45.74,2,100.0,High
STU0130,67.45,56.37,71.47,7.35,1.43,2,67.74,89.35,0,69.06,Medium
STU0131,51.74,70.34,76.54,8.3,4.08,0,60.86,65.14,2,100.0,Medium
STU0132,76.03,73.34,82.66,5.61,1.63,1,71.78,60.74,0,36.12,High
STU0133,59.07,68.55,75.89,8.15,1.96,2,87.81,84.23,1,80.01,Medium
STU0134,82.1,70.6,76.8,7.79,3.01,1,91.01,81.41,0,14.31,Medium
STU0135,61.21,95.6,46.27,9.39,1.61,3,79.94,100.0,2,65.0,Medium
STU0136,98.25,84.29,70.75,6.22,2.64,2,55.01,57.13,0,77.62,Medium
STU0137,63.25,68.43,77.19,5.26,1.35,3,67.62,100.0,0,81.76,High
STU0138,70.17,81.94,80.93,6.29,0.5,0,53.15,76.63,3,49.01,High
STU0139,87.2,46.41,59.61,8.81,5.33,1,56.88,95.43,0,85.78,Medium
STU0140,56.54,72.16,60.11,4.24,1.17,1,76.2,82.74,1,54.33,High
STU0141,78.41,97.57,61.39,3.9,3.18,0,51.44,53.44,1,61.72,High
STU0142,94.61,61.08,78.05,6.93,4.86,0,60.28,49.99,0,56.33,Medium
STU0143,50.89,49.74,85.51,6.18,2.39,2,49.81,32.53,1,42.27,High
STU0144,77.77,53.26,63.89,6.81,2.01,1,79.19,28.81,1,96.39,Medium
STU0145,78.9,45.39,83.62,8.12,3.91,3,61.87,53.98,1,65.96,Medium
STU0146,86.73,50.87,71.85,6.03,5.51,1,30.32,87.81,0,86.75,Medium
STU0147,56.45,58.33,68.14,4.18,1.4,4,95.77,56.03,0,85.89,High
STU0148,55.19,39.7,66.83,9.66,3.23,1,85.23,52.82,0,45.64,Medium
STU0149,82.83,65.28,81.2,5.4,0.5,1,33.74,77.59,0,89.32,High
STU0150,79.45,81.24,74.88,5.32,2.79,3,80.49,49.49,1,75.07,High
STU0151,78.76,48.66,100.0,8.35,3.56,0,93.89,98.13,0,44.18,Medium
STU0152,80.2,92.35,57.22,6.26,1.96,1,64.83,60.29,0,73.98,Medium
STU0153,64.8,74.19,77.77,6.71,2.68,3,70.53,81.75,1,44.54,High
STU0154,78.48,83.55,62.06,7.48,0.97,0,62.58,61.4,0,97.13,Medium
STU0155,79.4,53.16,56.96,8.32,3.64,4,76.84,65.44,2,81.28,High
STU0156,64.28,80.38,69.84,6.33,5.4,0,85.56,85.29,1,63.58,Medium
STU0157,100.0,45.35,72.06,8.93,1.53,3,47.75,69.13,0,90.3,Medium
STU0158,82.11,81.02,100.0,3.81,2.38,0,56.0,91.89,1,33.36,Medium
STU0159,57.13,68.09,67.24,7.86,4.4,2,69.73,50.9,1,50.01,High
STU0160,84.85,74.96,53.05,5.62,5.68,1,73.27,41.62,0,59.95,Medium
STU0161,60.38,43.84,74.1,8.72,0.81,1,74.93,33.51,1,100.0,High
STU0162,86.81,48.89,38.88,7.0,3.2,1,64.73,87.59,1,43.59,Medium
STU0163,92.38,75.75,68.62,5.86,4.01,1,53.0,81.23,2,30.85,High
STU0164,62.69,47.93,70.24,7.73,3.32,1,84.75,60.22,1,36.11,Medium
STU0165,89.45,73.34,81.92,8.05,0.5,0,47.23,70.38,0,83.12,Medium
STU0166,81.19,40.39,84.6,7.7,4.4,4,59.63,84.25,0,53.12,Medium
STU0167,87.33,80.27,62.45,5.36,6.23,1,68.3,61.58,0,61.82,Medium
STU0168,100.0,42.81,67.74,6.12,3.71,0,76.25,33.32,1,80.26,Medium
STU0169,71.32,74.94,58.51,6.79,1.64,1,63.04,33.55,1,61.84,High
STU0170,63.69,76.26,53.08,6.74,2.58,1,80.8,45.3,1,69.08,High
STU0171,61.66,52.46,74.65,7.85,6.69,1,89.26,66.84,1,75.7,Medium
STU0172,62.76,75.48,50.9,3.98,5.14,0,57.41,48.05,3,56.39,High
STU0173,73.84,69.69,63.78,7.27,4.65,1,74.66,83.6,0,61.67,Medium
STU0174,80.12,55.3,55.07,6.39,4.14,2,72.18,42.08,1,69.84,High
STU0175,79.15,46.85,78.25,5.63,2.31,3,62.2,52.52,0,82.36,High
STU0176,87.41,29.67,97.02,5.76,3.14,1,35.59,32.22,1,49.15,High
STU0177,75.2,71.29,50.48,6.5,3.36,0,74.02,56.99,0,10.0,Medium
STU0178,96.8,36.83,42.2,3.0,4.49,1,75.89,65.13,1,78.59,High
STU0179,71.03,66.72,68.13,5.82,6.22,1,86.48,84.4,0,83.55,Medium
STU0180,100.0,60.26,70.24,5.57,5.51,1,62.3,67.16,1,69.0,Medium
STU0181,84.39,77.22,73.28,7.55,0.95,1,56.66,78.34,1,70.37,Medium
STU0182,62.14,59.56,63.31,5.67,3.9,0,52.45,83.09,1,53.71,High
STU0183,58.94,59.07,66.99,6.5,4.83,0,20.0,72.06,0,75.0,High
STU0184,82.24,78.17,75.51,8.96,4.61,0,61.12,48.86,0,82.06,Low
STU0185,71.65,71.03,85.61,8.19,2.37,2,100.0,72.28,0,66.13,Medium
STU0186,85.71,70.69,40.67,8.06,8.75,0,89.61,91.78,1,100.0,Medium
STU0187,82.1,73.45,64.47,6.1,1.2,2,51.13,59.33,2,33.73,High
STU0188,73.91,37.36,73.21,7.56,1.55,2,59.25,74.98,0,68.26,High
STU0189,62.3,78.62,56.23,6.47,3.92,3,59.14,74.52,0,41.51,High
STU0190,52.28,76.02,95.97,6.53,7.31,1,91.78,58.36,2,82.6,Medium
STU0191,68.3,46.7,60.47,7.37,1.99,4,100.0,81.87,0,33.37,High
STU0192,87.85,60.61,69.38,5.96,3.02,0,69.53,58.08,2,38.32,High
STU0193,78.21,64.29,78.34,8.89,5.44,1,72.48,73.15,1,52.34,Medium
STU0194,56.31,62.58,61.13,6.58,3.47,1,76.85,60.69,0,70.32,Medium
STU0195,77.6,71.01,42.3,7.67,2.9,2,67.73,65.79,1,53.09,High
STU0196,80.78,90.76,63.57,8.84,4.52,0,72.79,81.8,1,53.29,Medium
STU0197,61.74,84.47,85.44,8.24,3.99,3,68.82,29.95,0,61.38,Medium
STU0198,77.31,41.38,64.95,4.83,5.35,0,76.13,76.11,0,60.16,High
STU0199,75.87,76.2,57.3,7.42,5.82,1,33.97,77.73,1,94.75,Medium
STU0200,57.86,88.92,83.89,7.99,4.05,2,59.85,54.65,0,78.72,Medium
STU0201,80.37,71.96,65.04,8.05,4.03,1,47.88,64.44,1,58.51,Medium
STU0202,83.41,84.64,62.35,5.24,3.89,2,79.73,47.43,0,100.0,Medium
STU0203,91.25,100.0,72.24,5.88,4.38,1,54.64,50.62,0,74.83,Medium
STU0204,90.81,83.43,81.56,8.19,3.6,1,41.4,69.88,0,45.62,Medium
STU0205,54.33,69.49,100.0,5.73,3.5,2,37.6,100.0,0,70.13,Medium
STU0206,60.93,83.81,82.41,6.38,5.65,0,75.64,76.95,0,75.71,Medium
STU0207,82.73,67.61,87.4,9.01,6.23,1,52.21,49.73,0,51.25,Medium
STU0208,82.71,65.43,62.41,6.73,0.79,2,65.65,78.96,1,43.95,High
STU0209,82.73,58.67,54.61,5.78,3.52,0,94.91,75.46,2,66.73,Medium
STU0210,100.0,93.14,70.93,5.57,2.26,0,74.38,33.92,1,57.8,Medium
STU0211,83.56,50.27,71.61,7.27,2.94,1,59.33,59.31,0,94.58,Medium
STU0212,92.03,92.58,53.82,4.93,4.22,1,48.02,62.43,0,79.82,Medium
STU0213,89.31,74.0,67.37,6.45,4.7,6,75.39,67.13,1,52.18,High
STU0214,84.77,39.81,75.99,7.27,3.3,0,65.81,64.43,0,73.52,Medium
STU0215,70.27,71.62,75.41,8.62,0.5,0,77.84,67.66,0,90.34,Medium
STU0216,86.38,27.2,77.56,7.73,1.76,2,27.48,48.17,1,37.12,High
STU0217,63.41,76.26,74.36,5.8,5.11,3,87.34,59.15,0,44.54,High
STU0218,71.45,80.93,62.39,8.45,0.5,2,38.88,60.22,1,64.78,Medium
STU0219,67.72,54.34,62.29,6.38,5.64,1,59.77,85.88,0,65.71,Medium
STU0220,76.23,67.22,52.02,5.07,4.44,0,91.63,52.45,0,63.96,Medium
STU0221,100.0,100.0,96.77,6.56,5.87,3,30.03,60.6,1,58.78,Medium
STU0222,46.99,55.9,70.2,8.81,3.14,1,66.52,58.59,2,58.48,High
STU0223,85.29,45.94,66.63,7.03,0.5,0,63.33,93.57,0,72.69,Medium
STU0224,50.81,91.67,56.07,6.82,4.27,1,67.51,76.97,0,87.68,High
STU0225,67.92,100.0,100.0,9.09,5.79,0,74.06,48.19,0,55.38,Low
STU0226,91.33,65.07,53.9,4.8,5.16,1,68.26,72.15,2,100.0,High
STU0227,75.96,83.21,63.57,5.0,2.31,3,45.22,46.79,2,100.0,High
STU0228,58.83,89.15,76.24,4.54,3.66,1,69.65,69.69,0,91.59,Medium
STU0229,64.27,51.64,79.0,7.32,2.54,2,67.69,89.59,0,77.45,High
STU0230,85.19,56.26,84.37,7.03,2.03,2,66.98,29.79,0,100.0,Medium
STU0231,64.04,87.16,97.11,8.96,5.22,1,100.0,46.85,2,59.2,Medium
STU0232,78.25,95.33,77.59,7.14,1.34,0,90.74,67.81,0,48.35,Medium
STU0233,75.68,75.13,54.16,6.23,1.89,1,99.06,57.87,0,54.48,Medium
STU0234,65.23,49.16,66.15,6.8,1.51,2,73.85,68.85,1,44.94,High
STU0235,100.0,100.0,74.62,6.96,0.82,1,98.35,63.5,1,67.44,Medium
STU0236,84.51,55.44,100.0,4.46,3.76,0,53.45,34.75,0,71.0,High
STU0237,44.62,58.97,49.03,10.0,5.59,0,61.89,76.2,0,69.02,Low
STU0238,77.8,71.16,88.04,7.53,3.17,1,58.14,40.97,1,64.75,Medium
STU0239,65.07,92.97,72.7,7.09,0.79,1,59.57,68.7,1,67.66,High
STU0240,87.79,80.37,82.57,7.66,5.01,2,68.7,56.82,1,99.73,Medium
STU0241,63.11,72.47,68.47,7.79,6.53,1,71.47,100.0,1,77.4,Medium
STU0242,73.28,73.34,57.36,6.6,2.34,0,75.33,62.82,0,83.45,Medium
STU0243,82.57,65.78,81.26,5.92,2.64,1,97.66,71.32,1,68.82,High
STU0244,87.99,75.05,79.82,7.64,4.43,0,42.08,74.97,1,32.69,Medium
STU0245,57.0,20.0,84.58,7.34,6.42,0,47.51,71.08,1,28.72,Medium
STU0246,69.98,59.66,69.8,5.67,2.56,1,26.49,64.52,0,100.0,High
STU0247,67.88,69.34,61.0,8.79,1.1,0,53.69,47.17,0,54.36,Medium
STU0248,65.2,44.28,46.62,7.21,4.64,1,60.45,62.99,1,52.66,High
STU0249,100.0,71.95,82.29,7.82,4.94,2,56.13,31.41,0,69.91,Medium
STU0250,81.07,61.32,76.36,8.75,3.51,3,48.64,73.78,0,76.01,Medium
STU0251,56.09,96.6,55.51,6.83,2.5,3,69.51,100.0,0,78.54,High
STU0252,88.77,93.31,61.92,7.24,5.29,0,61.43,68.18,0,100.0,Low
STU0253,100.0,56.62,63.0,7.93,4.45,2,52.96,71.11,1,95.01,Medium
STU0254,90.49,62.28,47.76,5.79,2.12,3,70.57,37.07,1,48.78,High
STU0255,52.21,63.67,57.73,6.88,3.59,2,58.26,50.31,0,84.37,Medium
STU0256,67.74,56.87,52.99,6.98,1.07,1,87.66,81.11,1,57.32,High
STU0257,94.0,68.51,63.81,5.46,4.73,1,65.22,38.95,0,62.25,Medium
STU0258,64.38,51.35,58.92,10.0,3.03,0,62.05,51.9,0,43.12,Medium
STU0259,81.66,44.65,45.59,4.83,2.72,2,72.45,75.22,0,31.14,High
STU0260,86.62,76.21,100.0,4.98,3.44,0,33.9,79.56,1,64.37,High
STU0261,61.1,76.33,88.79,8.64,3.57,1,88.63,63.04,1,45.88,Medium
STU0262,74.11,50.52,58.31,7.8,5.11,1,81.34,67.21,0,83.56,Medium
STU0263,35.0,81.12,74.09,5.36,4.56,2,54.52,67.17,0,59.38,High
STU0264,59.63,53.63,76.26,7.65,3.22,0,48.78,42.8,1,71.17,Medium
STU0265,71.21,69.56,87.87,8.85,4.87,3,50.83,63.68,0,92.35,Medium
STU0266,56.28,79.77,57.72,6.76,4.22,1,44.03,69.35,1,35.29,High
STU0267,99.49,64.39,86.38,10.0,2.73,0,39.16,63.41,1,50.51,Low
STU0268,53.55,73.19,61.78,4.39,3.28,0,43.48,30.34,1,68.62,High
STU0269,68.4,55.7,49.96,7.77,3.23,1,23.0,92.64,1,71.25,High
STU0270,76.96,61.46,80.86,8.43,4.41,4,61.82,45.32,0,87.07,High
STU0271,96.62,61.29,89.36,8.05,2.84,1,65.68,66.3,0,82.34,Medium
STU0272,53.46,51.56,100.0,6.51,2.8,0,89.78,70.79,2,66.94,High
STU0273,92.45,61.82,52.0,6.39,7.04,1,84.78,56.81,1,71.07,Medium
STU0274,75.15,37.12,80.48,7.42,5.19,3,55.52,69.4,0,71.62,High
STU0275,60.28,56.16,63.85,7.94,2.13,1,63.79,51.05,0,35.61,High
STU0276,81.93,59.87,81.75,7.64,4.53,1,86.75,100.0,1,61.87,Medium
STU0277,77.99,60.39,47.94,8.26,3.71,1,60.38,60.31,0,69.97,Medium
STU0278,66.0,60.65,51.06,5.37,4.2,0,70.9,81.18,0,74.17,Medium
STU0279,76.05,63.89,58.36,6.48,3.75,1,57.7,45.33,0,46.51,High
STU0280,69.22,73.63,71.18,5.48,5.64,1,68.67,77.98,1,39.62,High
STU0281,76.7,80.74,60.38,6.26,4.12,1,69.42,52.09,0,60.31,Medium
STU0282,84.93,53.3,79.89,8.22,3.39,0,62.07,39.92,0,100.0,Low
STU0283,98.79,43.34,85.4,6.95,5.38,2,86.12,45.83,0,48.62,Medium
STU0284,56.43,46.24,78.99,10.0,3.92,0,53.31,49.74,0,88.48,Low
STU0285,100.0,56.23,94.28,7.07,3.72,1,69.96,67.01,1,96.69,Medium
STU0286,45.72,58.67,76.24,6.88,4.07,1,98.32,100.0,1,65.91,Medium
STU0287,72.72,51.14,51.75,6.95,3.33,1,73.29,100.0,0,51.4,Medium
STU0288,83.82,41.67,90.45,5.91,3.52,1,54.46,59.21,0,75.26,Medium
STU0289,79.21,56.79,60.92,6.72,2.44,4,73.91,82.27,2,68.9,High
STU0290,65.66,68.27,83.66,8.38,2.15,0,100.0,42.43,0,47.82,Medium
STU0291,71.88,75.71,93.61,6.96,1.7,0,68.67,27.13,1,51.82,High
STU0292,67.6,54.97,76.85,5.69,0.99,1,81.49,65.55,1,74.07,High
STU0293,66.16,57.57,47.56,5.5,1.92,0,68.09,74.83,1,83.67,High
STU0294,87.74,48.32,56.23,6.17,3.19,1,72.68,79.1,0,58.54,Medium
STU0295,80.36,64.43,89.84,6.9,3.69,0,66.67,84.43,1,63.62,Medium
STU0296,64.61,49.73,67.46,8.47,3.01,0,50.69,59.05,0,78.37,Medium
STU0297,88.49,75.32,71.19,4.92,0.5,1,74.36,66.3,0,61.55,Medium
STU0298,79.61,32.85,81.38,6.35,6.33,2,47.21,79.78,0,59.01,Medium
STU0299,87.19,58.53,80.44,7.0,5.46,0,62.69,86.48,0,49.89,Medium
STU0300,84.44,70.42,74.18,4.23,4.3,1,100.0,48.67,2,49.55,High
STU0301,62.57,68.31,66.87,5.63,6.93,1,66.78,68.79,1,100.0,High
STU0302,66.6,100.0,65.31,5.85,1.74,0,52.3,76.69,1,61.08,High
STU0303,86.21,71.3,82.87,5.69,6.9,2,72.1,67.66,2,92.3,Medium
STU0304,84.16,46.93,78.3,7.07,1.76,2,58.59,53.8,0,98.68,Medium
STU0305,74.69,63.28,66.14,6.58,3.93,3,69.85,65.06,0,61.33,High
STU0306,76.76,33.03,86.23,6.02,1.21,0,48.0,74.54,0,72.37,High
STU0307,94.16,63.55,68.06,7.4,3.53,3,81.25,51.31,0,67.05,Medium
STU0308,66.13,50.0,57.23,9.21,4.2,1,70.12,43.45,0,32.76,Medium
STU0309,83.21,81.48,58.62,9.09,3.22,1,50.97,100.0,2,33.96,Medium
STU0310,71.97,55.11,55.32,4.11,4.78,3,74.12,68.38,0,65.98,High
STU0311,71.73,62.9,65.91,7.61,3.68,0,100.0,81.89,2,56.5,Medium
STU0312,91.48,53.56,88.51,6.55,2.56,1,54.47,68.77,0,100.0,Medium
STU0313,87.38,96.3,57.92,7.02,2.48,1,80.88,83.91,2,60.27,Medium
STU0314,87.2,59.22,72.83,6.24,4.96,2,75.1,66.43,1,100.0,Medium
STU0315,94.58,97.99,60.15,6.96,2.32,2,74.86,75.57,0,55.47,Medium
STU0316,75.32,79.65,66.1,7.01,5.15,3,83.3,45.03,1,100.0,Medium
STU0317,85.23,73.68,47.35,5.99,5.7,1,63.29,33.23,1,75.13,Medium
STU0318,70.35,71.64,66.69,5.55,0.5,0,70.59,56.42,0,76.27,High
STU0319,79.86,72.09,67.09,6.17,5.54,1,69.67,39.34,1,54.76,Medium
STU0320,73.05,30.3,78.1,7.13,7.21,3,53.45,26.89,1,76.54,High
STU0321,76.45,59.98,73.35,7.64,3.95,2,75.8,70.43,0,98.85,Medium
STU0322,83.93,80.21,52.02,7.99,4.58,0,61.84,33.15,3,62.1,Medium
STU0323,62.73,64.12,86.26,6.11,5.37,2,99.11,82.09,0,58.21,High
STU0324,100.0,39.71,73.15,7.2,3.0,3,59.37,90.94,0,60.06,High
STU0325,59.91,64.06,72.98,8.15,3.83,1,45.55,39.03,2,97.4,High
STU0326,56.79,95.67,69.86,8.43,1.13,1,87.05,70.2,0,82.11,Medium
STU0327,92.37,87.44,62.23,6.72,3.75,2,55.35,98.44,0,93.95,Medium
STU0328,86.87,63.88,73.27,6.49,4.4,3,47.37,56.5,1,71.27,High
STU0329,84.36,82.13,77.13,7.07,4.43,2,74.59,76.0,1,65.79,Medium
STU0330,84.43,58.4,43.8,5.19,5.42,2,90.65,100.0,0,73.48,High
STU0331,74.82,34.33,61.92,6.53,2.11,1,80.53,34.81,0,86.4,High
STU0332,61.54,48.36,66.18,7.84,2.54,0,58.28,46.65,1,60.06,Medium
STU0333,76.14,93.13,73.84,7.7,6.91,0,70.19,75.15,2,92.37,Medium
STU0334,64.84,60.07,87.9,6.42,3.23,1,63.11,100.0,0,72.32,Medium
STU0335,89.63,60.62,58.42,7.1,3.86,2,96.23,52.2,1,16.87,High
STU0336,72.79,59.6,62.53,5.65,3.38,1,60.57,100.0,0,82.67,Medium
STU0337,62.62,99.27,62.31,7.78,2.02,0,69.68,67.38,2,39.55,Medium
STU0338,70.18,94.27,57.98,6.69,6.42,3,70.88,29.59,0,82.18,Medium
STU0339,81.19,100.0,64.79,6.41,2.55,3,48.28,93.63,1,83.03,High
STU0340,66.54,62.14,81.56,6.29,1.47,3,64.72,56.65,0,71.6,High
STU0341,62.67,70.32,54.19,6.71,2.69,1,65.0,73.07,0,75.87,Medium
STU0342,78.66,37.7,76.42,6.17,0.5,1,91.41,35.13,0,86.98,High
STU0343,78.67,91.58,44.47,7.72,2.33,0,71.32,51.44,2,55.09,Medium
STU0344,67.4,43.98,61.58,6.25,1.76,1,61.57,38.06,1,80.87,High
STU0345,67.93,68.9,65.06,9.03,4.61,0,65.53,36.15,0,88.26,Medium
STU0346,78.48,45.25,95.12,8.85,2.29,1,66.86,66.76,1,100.0,Medium
STU0347,53.28,54.4,65.88,5.55,5.1,3,67.34,75.2,0,42.88,High
STU0348,53.89,49.93,36.98,6.9,6.02,2,83.77,55.16,0,73.17,High
STU0349,64.22,54.06,40.02,5.89,4.91,2,84.64,39.13,0,45.77,High
STU0350,71.8,55.3,70.51,6.34,3.11,0,51.16,42.03,0,44.92,High
STU0351,79.66,55.13,79.21,9.6,3.75,0,86.16,71.69,0,72.18,Low
STU0352,97.13,80.0,75.63,6.37,0.76,1,80.77,66.99,0,66.55,Medium
STU0353,87.86,45.11,72.51,7.3,3.26,0,67.1,71.99,0,87.9,Medium
STU0354,72.6,68.97,87.43,7.56,1.95,1,42.94,93.05,0,58.08,Medium
STU0355,74.71,86.92,61.91,5.4,4.75,1,71.61,75.36,0,62.32,Medium
STU0356,59.96,55.76,83.42,5.6,8.13,1,61.98,72.36,5,69.23,High
STU0357,74.72,52.08,45.52,5.11,4.4,1,77.43,100.0,0,47.76,High
STU0358,70.67,60.85,56.43,5.56,0.5,2,78.99,60.05,2,50.54,High
STU0359,79.84,86.24,42.89,3.0,2.85,3,90.42,100.0,1,87.32,High
STU0360,62.59,68.49,65.88,7.56,3.72,1,49.96,90.63,0,54.02,Medium
STU0361,82.79,55.44,69.31,9.68,3.66,0,100.0,59.64,0,88.65,Low
STU0362,97.99,73.71,71.71,7.01,2.18,3,83.22,79.49,0,77.15,Medium
STU0363,73.37,45.16,70.93,4.82,3.94,1,80.14,61.13,0,34.05,High
STU0364,81.03,77.26,56.09,5.9,1.26,0,100.0,39.14,1,75.61,Medium
STU0365,85.35,72.35,67.15,6.16,1.8,0,73.4,64.86,0,75.45,Medium
STU0366,68.98,59.46,47.54,5.38,4.66,1,85.57,38.59,0,73.46,High
STU0367,78.36,49.91,90.45,8.0,1.67,2,70.89,69.19,2,62.16,Medium
STU0368,75.19,49.04,65.45,7.93,4.47,0,82.29,79.41,0,46.2,Medium
STU0369,76.47,74.63,62.67,5.18,1.03,3,87.75,61.1,0,91.92,High
STU0370,63.4,87.12,93.83,7.82,6.68,1,86.0,69.16,1,62.97,Medium
STU0371,75.37,53.53,51.37,8.94,2.11,3,42.3,68.86,0,47.33,High
STU0372,82.47,73.25,53.12,9.46,3.1,1,60.97,80.2,0,74.15,Medium
STU0373,96.77,27.43,53.56,10.0,4.1,0,87.92,66.61,0,50.14,Low
STU0374,89.39,54.48,68.98,5.54,2.48,2,76.47,59.33,1,46.02,High
STU0375,100.0,64.44,76.47,10.0,3.76,0,67.16,79.38,0,57.49,Low
STU0376,63.49,48.63,81.1,6.3,4.54,1,76.63,67.85,2,51.69,High
STU0377,88.08,48.14,100.0,5.97,5.23,0,49.24,26.56,2,46.76,Medium
STU0378,77.75,52.98,36.26,7.26,4.92,0,81.37,58.69,0,81.13,Medium
STU0379,100.0,70.26,79.13,5.99,3.19,2,74.31,55.69,0,62.72,Medium
STU0380,62.88,61.63,61.64,7.36,3.24,1,69.45,67.65,0,90.05,Medium
STU0381,62.4,24.71,61.2,4.95,7.73,1,64.96,65.72,0,47.91,High
STU0382,66.01,26.83,60.7,6.47,5.21,3,71.93,29.89,1,30.45,High
STU0383,43.14,54.08,56.37,8.6,1.84,1,63.34,38.15,0,67.98,High
STU0384,67.11,73.24,95.27,6.72,3.68,1,62.49,47.85,0,100.0,Medium
STU0385,63.61,20.0,82.63,7.0,2.9,0,98.41,66.16,0,75.62,Medium
STU0386,77.26,56.0,70.35,7.47,3.26,2,41.03,84.33,1,100.0,High
STU0387,80.13,55.53,90.27,8.44,1.29,3,41.38,36.13,0,71.64,Medium
STU0388,100.0,89.99,47.31,4.48,2.76,1,81.29,52.9,1,69.71,High
STU0389,89.26,58.07,50.04,7.62,6.76,4,47.26,64.13,1,21.89,High
STU0390,66.35,71.89,37.33,6.42,4.54,0,33.94,48.23,0,73.56,Medium
STU0391,61.52,67.54,59.51,7.03,0.5,0,85.24,66.57,0,68.37,Medium
STU0392,82.38,26.65,72.43,8.28,5.69,1,89.42,76.52,2,56.85,Medium
STU0393,55.2,78.83,71.54,5.13,5.46,1,45.76,51.38,0,62.26,High
STU0394,100.0,68.88,72.24,5.38,2.85,3,37.48,70.9,0,63.64,Medium
STU0395,92.69,74.15,48.83,4.09,4.79,0,47.28,62.94,0,61.4,High
STU0396,67.96,100.0,82.05,6.03,1.95,2,56.1,44.32,1,100.0,High
STU0397,49.3,27.49,73.59,8.66,2.65,0,100.0,62.46,2,57.58,High
STU0398,95.31,96.04,81.0,6.63,6.2,0,60.69,73.22,1,68.39,Medium
STU0399,73.28,59.83,41.61,4.92,3.01,3,82.14,90.45,2,56.92,High
STU0400,93.57,70.17,74.67,6.12,0.5,2,80.27,94.6,1,80.67,High
STU0401,51.08,64.18,52.18,4.72,3.39,4,90.48,54.78,0,68.54,High
STU0402,66.01,57.36,64.04,5.22,3.36,2,57.36,53.7,1,59.4,High
STU0403,75.08,54.74,78.02,7.34,5.66,1,67.83,65.73,0,26.48,Medium
STU0404,75.7,70.93,71.37,5.16,3.53,2,64.27,55.23,1,69.87,High
STU0405,68.25,37.69,57.23,8.36,2.74,2,77.15,86.83,0,58.81,High
STU0406,84.34,78.51,70.09,6.7,5.38,2,88.67,66.81,1,63.79,Medium
STU0407,58.99,57.51,47.03,6.92,3.72,1,100.0,65.99,0,41.35,High
STU0408,72.86,44.66,87.25,6.41,2.15,1,61.36,76.58,0,93.67,Medium
STU0409,76.8,56.9,66.92,7.88,5.58,2,70.4,67.88,0,82.13,Medium
STU0410,82.72,87.63,86.78,7.9,3.85,1,82.73,70.49,0,93.61,Medium
STU0411,85.67,55.36,62.1,7.27,3.51,4,78.4,69.74,1,87.94,High
STU0412,58.13,71.45,62.15,7.59,3.82,2,97.16,62.4,0,76.85,Medium
STU0413,51.99,51.84,58.54,6.5,1.57,2,66.17,48.76,2,42.15,High
STU0414,94.17,78.64,83.14,7.56,2.55,1,61.24,96.66,1,100.0,Medium
STU0415,79.98,77.34,59.36,6.33,3.51,1,91.4,48.7,2,46.45,High
STU0416,63.77,98.27,79.67,6.8,3.15,1,73.15,94.78,0,59.63,Medium
STU0417,98.27,61.84,64.26,6.42,5.79,1,77.18,71.15,0,79.14,Medium
STU0418,76.74,77.04,40.36,6.16,3.89,3,66.76,54.17,1,80.13,High
STU0419,92.69,66.77,61.45,5.84,5.04,0,83.76,74.99,0,76.44,Medium
STU0420,76.01,88.33,52.31,7.45,3.52,2,53.29,79.15,0,56.99,Medium
STU0421,100.0,52.06,70.51,8.63,5.4,0,60.21,95.93,1,52.86,Medium
STU0422,100.0,78.41,52.14,8.44,4.22,0,22.98,41.32,0,100.0,Medium
STU0423,71.27,61.5,83.89,5.04,3.52,0,57.33,62.48,1,64.21,High
STU0424,89.57,63.84,68.63,8.6,3.48,0,83.84,89.79,0,61.76,Low
STU0425,84.68,66.65,67.34,6.35,1.78,3,68.79,78.44,0,50.73,High
STU0426,95.53,69.54,79.84,7.64,4.41,3,52.29,73.75,1,69.89,High
STU0427,60.53,62.91,84.46,5.53,3.43,2,92.3,91.61,1,68.96,High
STU0428,85.29,68.86,69.7,7.0,2.6,3,70.35,61.76,1,64.68,High
STU0429,90.88,93.41,58.43,7.24,5.49,1,96.79,21.84,0,72.63,Low
STU0430,48.62,82.74,43.39,4.72,1.25,1,82.56,58.4,1,100.0,High
STU0431,57.25,80.64,59.71,7.65,2.74,2,71.2,100.0,1,53.1,High
STU0432,44.41,56.8,60.74,8.68,5.35,1,99.2,70.37,0,65.86,Medium
STU0433,70.96,48.99,71.61,6.56,4.07,0,61.63,49.84,1,52.04,High
STU0434,85.76,82.2,64.82,8.7,3.41,1,49.39,89.01,0,70.89,Low
STU0435,97.54,80.77,80.32,6.53,3.95,1,95.19,80.21,1,53.63,Medium
STU0436,76.11,91.51,60.81,7.99,3.82,0,78.28,67.65,0,54.49,Medium
STU0437,99.43,54.13,69.14,3.69,0.77,2,91.69,75.53,0,35.81,High
STU0438,54.3,60.87,87.76,10.0,2.87,3,82.98,46.69,0,66.96,Medium
STU0439,49.45,35.49,75.13,8.89,6.41,2,95.94,58.48,0,73.6,Medium
STU0440,74.17,57.94,69.1,6.4,2.31,5,59.3,63.83,1,100.0,High
STU0441,80.76,82.94,60.97,4.04,2.93,3,64.79,84.79,0,74.39,High
STU0442,74.51,56.6,60.5,7.2,2.53,2,64.61,55.12,1,56.01,Medium
STU0443,43.99,76.53,57.24,4.78,3.34,5,64.84,64.54,0,37.81,High
STU0444,73.66,61.57,61.88,7.42,2.45,1,41.36,90.94,0,40.57,High
STU0445,55.43,70.83,81.33,7.38,4.38,1,70.78,100.0,0,39.09,Medium
STU0446,85.05,44.34,66.67,5.48,3.86,0,81.45,49.33,1,100.0,Medium
STU0447,80.5,66.53,49.75,8.37,4.89,1,56.43,67.52,1,70.76,Medium
STU0448,60.9,20.0,96.52,7.93,1.61,2,52.47,37.86,2,53.34,High
STU0449,67.29,61.64,74.8,8.17,2.89,0,65.69,64.74,0,45.8,Medium
STU0450,59.11,35.65,48.9,6.81,3.09,3,81.34,59.78,1,47.88,High
STU0451,74.06,86.71,63.37,4.82,4.32,2,49.71,87.52,0,52.81,Medium
STU0452,89.33,78.99,71.66,8.17,2.07,0,100.0,43.89,1,91.33,Medium
STU0453,60.21,73.4,95.57,6.42,5.15,1,45.91,41.42,1,64.4,Medium
STU0454,82.56,92.38,53.38,4.85,5.64,0,58.3,92.38,2,36.05,Medium
STU0455,67.05,47.92,84.64,8.69,1.72,3,87.28,53.6,1,100.0,High
STU0456,63.11,96.45,90.99,9.74,2.62,1,84.45,68.55,1,42.2,Low
STU0457,73.39,81.78,60.57,6.74,2.54,2,82.96,70.31,0,53.18,High
STU0458,59.47,60.74,65.84,9.82,8.24,0,56.35,50.83,0,91.2,Low
STU0459,66.7,85.44,54.46,6.93,2.73,2,59.57,50.85,0,73.3,Medium
STU0460,57.03,45.09,66.95,6.27,6.52,3,53.44,85.28,1,55.6,High
STU0461,100.0,50.16,69.45,5.92,1.22,2,62.56,77.19,0,40.37,High
STU0462,75.53,54.05,79.89,9.09,1.72,0,74.51,64.72,0,45.67,Medium
STU0463,64.5,55.48,86.35,5.71,2.26,0,53.36,62.54,2,46.87,High
STU0464,78.21,45.98,58.78,7.83,1.98,1,38.28,70.7,2,65.14,High
STU0465,73.32,87.02,40.49,6.02,3.02,2,87.88,71.88,0,68.82,High
STU0466,71.69,60.34,69.68,6.16,2.22,0,64.94,87.7,0,62.03,Medium
STU0467,84.21,71.35,74.4,8.24,2.03,1,80.72,64.62,1,64.22,Medium
STU0468,86.36,54.73,73.74,6.27,5.59,3,62.74,72.97,1,43.99,High
STU0469,67.04,32.23,65.1,6.23,5.7,0,77.23,77.93,1,70.86,High
STU0470,66.36,69.86,71.87,8.39,5.21,1,100.0,78.24,0,90.61,Low
STU0471,70.87,30.58,92.73,9.04,4.44,2,48.56,91.09,1,61.74,Medium
STU0472,40.47,63.76,75.73,7.7,3.67,1,54.78,64.77,1,61.35,Medium
STU0473,52.27,40.37,64.4,5.88,2.61,2,52.69,54.81,2,66.66,High
STU0474,95.5,100.0,62.5,6.09,1.78,1,100.0,58.56,1,87.36,Medium
STU0475,99.67,81.4,67.45,6.91,4.15,0,67.69,76.53,0,47.11,Medium
STU0476,71.26,66.9,94.55,7.25,1.39,0,83.09,63.05,1,94.02,Medium
STU0477,83.65,87.75,67.25,5.42,1.71,2,23.05,100.0,0,73.42,High
STU0478,79.67,49.77,69.7,7.81,5.58,0,74.37,65.23,0,65.57,Medium
STU0479,100.0,74.78,62.77,6.92,6.92,0,61.87,47.81,1,89.26,Medium
STU0480,91.79,68.6,86.48,4.4,4.21,0,91.61,70.81,2,41.36,High
STU0481,73.08,69.75,99.4,5.5,5.49,1,79.2,92.7,0,75.44,Medium
STU0482,60.67,87.9,76.76,6.09,3.06,0,60.86,50.32,0,73.61,Medium
STU0483,50.9,78.18,71.24,6.7,1.09,3,94.86,49.8,2,46.29,High
STU0484,78.05,70.2,70.55,9.44,4.6,1,96.42,61.64,0,74.21,Medium
STU0485,63.65,35.21,34.24,7.13,4.52,0,93.6,53.37,1,70.67,Medium
STU0486,53.67,47.72,81.18,5.62,3.63,0,80.96,40.7,1,61.43,Medium
STU0487,65.3,62.79,72.01,7.11,3.06,2,63.29,37.27,2,82.26,High
STU0488,58.78,66.68,76.43,6.31,5.23,2,71.95,69.18,1,53.56,High
STU0489,100.0,44.66,59.33,7.25,1.73,3,60.92,77.87,0,70.41,High
STU0490,88.22,100.0,64.23,7.61,2.11,0,71.76,52.38,0,62.37,Medium
STU0491,74.88,92.3,63.83,8.49,1.69,0,57.89,63.73,2,52.71,Medium
STU0492,97.2,75.84,85.32,6.77,3.65,4,65.12,68.33,1,75.06,High
STU0493,76.16,66.3,64.32,9.09,1.54,3,100.0,45.11,0,60.85,High
STU0494,62.08,61.18,100.0,8.07,2.27,0,73.29,80.46,0,35.54,Low
STU0495,97.85,47.87,76.46,5.81,2.23,2,60.69,68.81,2,28.98,High
STU0496,83.08,66.39,50.86,9.89,3.03,3,49.3,74.44,1,80.78,Medium
STU0497,59.44,69.64,68.07,7.26,0.82,1,66.3,77.24,0,40.59,Medium
STU0498,72.14,42.65,60.22,5.63,3.66,1,80.67,100.0,1,70.59,High
STU0499,61.87,71.02,37.08,9.11,5.75,2,70.32,46.56,0,66.1,Medium
STU0500,54.26,62.21,93.99,9.71,3.74,2,67.08,48.93,1,57.63,Medium
STU0501,88.89,30.66,80.55,6.75,6.27,0,75.23,95.29,0,100.0,Medium
STU0502,100.0,49.51,78.0,6.09,5.9,0,74.7,76.74,0,68.59,Medium
STU0503,54.02,57.56,72.48,6.56,4.9,0,79.99,66.24,1,80.11,Medium
STU0504,83.44,98.98,49.27,7.8,3.63,2,80.44,56.39,1,70.7,Medium
STU0505,65.24,75.02,62.75,8.59,3.54,1,66.49,60.83,0,60.37,Medium
STU0506,67.69,40.96,82.63,7.6,4.87,0,65.64,61.18,1,64.62,Medium
STU0507,66.11,73.75,54.23,6.94,2.79,1,68.01,38.09,1,94.17,High
STU0508,62.04,37.15,32.02,8.9,0.5,2,77.52,82.52,1,86.76,High
STU0509,75.73,84.49,66.59,6.36,4.39,0,87.06,28.81,1,100.0,Medium
STU0510,62.54,56.52,67.87,8.24,1.46,3,62.27,49.72,1,69.43,High
STU0511,79.06,63.31,72.03,6.4,1.77,3,65.22,57.23,0,47.46,High
STU0512,74.25,88.86,80.93,7.4,3.5,4,54.17,100.0,0,56.19,High
STU0513,71.42,41.83,79.56,6.64,3.33,0,42.58,63.19,0,41.24,Medium
STU0514,61.39,39.85,73.88,6.72,0.96,0,46.96,70.7,2,80.34,High
STU0515,66.35,54.5,87.93,6.27,3.8,2,50.94,49.21,1,53.28,High
STU0516,86.33,83.69,47.22,8.68,5.24,2,56.68,80.64,2,10.0,Medium
STU0517,82.51,37.65,77.57,5.77,1.47,0,75.82,100.0,0,100.0,Medium
STU0518,60.34,20.0,79.4,5.76,5.79,1,49.79,73.85,1,53.59,High
STU0519,76.49,56.88,51.41,9.77,0.69,1,68.3,58.96,1,53.47,Medium
STU0520,86.27,74.93,47.46,8.17,7.31,3,82.24,28.43,1,98.43,Medium
STU0521,49.96,86.6,58.81,3.46,2.76,1,53.89,77.49,1,40.83,High
STU0522,83.15,56.66,60.08,6.01,3.76,1,59.64,47.25,1,87.73,High
STU0523,65.06,57.59,81.3,4.26,0.5,2,45.56,51.4,2,53.25,High
STU0524,83.56,85.77,60.78,5.47,3.39,0,51.81,81.77,1,38.52,Medium
STU0525,63.55,31.34,57.15,3.0,3.91,2,91.29,56.47,2,99.11,High
STU0526,47.93,58.01,60.83,6.61,3.34,1,76.58,63.31,2,83.46,High
STU0527,50.59,68.43,86.78,5.2,2.49,1,100.0,78.5,0,83.4,Medium
STU0528,75.72,73.09,70.2,6.88,1.8,2,55.47,52.29,0,72.35,High
STU0529,78.9,55.82,67.31,4.52,5.53,1,93.64,41.8,1,76.98,High
STU0530,61.44,65.62,68.35,6.92,3.56,1,55.61,73.36,1,40.36,High
STU0531,84.58,20.21,89.38,6.22,6.27,0,59.48,78.58,0,67.23,Medium
STU0532,50.08,53.15,58.76,8.9,2.55,0,100.0,54.6,1,46.42,Medium
STU0533,74.01,73.16,89.73,8.78,2.72,1,53.8,53.71,1,37.22,Medium
STU0534,56.83,47.32,73.16,7.9,4.97,3,94.97,45.2,1,73.22,High
STU0535,65.22,66.06,67.59,6.34,0.58,0,67.46,77.84,1,88.16,High
STU0536,75.71,73.04,100.0,9.58,1.32,2,49.69,99.54,1,57.33,Medium
STU0537,62.09,58.83,54.17,4.63,5.48,2,43.68,81.77,0,60.76,High
STU0538,69.23,68.07,64.69,4.84,1.39,3,69.79,63.36,1,42.24,High
STU0539,90.09,47.67,51.51,6.68,0.5,2,48.9,77.9,0,65.14,High
STU0540,66.35,61.28,84.29,9.96,6.86,1,62.98,50.03,1,80.2,Medium
STU0541,87.54,75.98,95.34,6.52,0.99,0,35.62,71.63,0,80.83,Medium
STU0542,58.05,67.83,95.05,6.54,3.83,1,74.03,45.47,0,75.9,Medium
STU0543,82.95,54.44,88.36,4.78,3.62,2,41.78,62.8,0,52.63,High
STU0544,96.62,69.04,67.04,8.12,0.5,0,66.98,84.36,0,52.0,Medium
STU0545,37.93,77.86,64.52,8.13,3.02,4,44.48,79.62,0,80.91,High
STU0546,63.05,28.1,44.93,7.9,4.31,2,88.84,75.23,0,81.24,Medium
STU0547,83.66,85.86,100.0,5.92,4.14,2,32.13,72.49,1,61.56,Medium
STU0548,71.95,58.95,77.03,5.81,5.13,3,63.19,51.75,3,56.48,High
STU0549,80.57,72.66,62.62,4.99,2.8,1,77.51,67.56,0,88.34,High
STU0550,65.94,86.55,89.92,6.92,4.78,3,74.1,79.1,0,57.8,Medium
STU0551,76.3,40.31,55.41,5.29,2.26,0,46.8,60.62,1,79.92,High
STU0552,72.66,52.23,76.1,5.15,0.96,5,38.42,61.32,0,62.26,High
STU0553,92.52,59.81,67.41,6.21,1.16,1,81.28,56.54,1,44.05,High
STU0554,78.82,50.89,79.58,6.12,0.87,2,65.9,59.87,2,97.25,High
STU0555,80.06,96.23,69.05,6.05,5.32,0,49.78,51.08,1,67.4,Medium
STU0556,68.82,49.58,48.24,7.45,0.77,0,81.9,65.43,1,50.79,High
STU0557,67.69,55.0,71.13,6.91,3.99,1,58.43,59.24,1,37.18,High
STU0558,68.51,68.68,85.73,6.4,3.02,0,56.82,38.46,2,39.2,High
STU0559,80.92,43.36,69.56,7.06,3.32,1,53.27,100.0,0,57.54,Medium
STU0560,68.69,57.88,81.63,5.41,5.95,2,55.09,46.33,0,100.0,High
STU0561,79.35,70.71,54.32,6.95,2.71,0,54.48,62.58,0,53.31,Medium
STU0562,100.0,59.01,69.61,7.01,4.6,1,73.58,66.1,0,93.95,Medium
STU0563,88.07,63.32,60.63,4.7,3.57,2,94.36,55.37,1,62.38,High
STU0564,70.11,55.47,81.2,8.19,3.23,1,44.26,63.39,0,41.38,Medium
STU0565,93.02,37.74,70.47,5.57,7.64,4,62.2,50.27,1,55.54,High
STU0566,68.88,70.79,80.35,6.93,0.91,3,65.21,78.09,0,39.38,High
STU0567,44.43,96.59,86.32,8.43,5.82,3,75.9,64.6,2,47.88,High
STU0568,59.88,65.33,80.37,8.1,4.68,0,84.8,77.93,0,47.29,Medium
STU0569,46.94,69.05,74.1,6.85,2.64,1,65.29,91.46,0,26.92,High
STU0570,69.73,77.47,55.03,6.29,6.43,1,57.17,59.94,0,95.26,Medium
STU0571,75.28,42.15,69.96,8.13,0.5,3,77.83,78.92,0,69.22,High
STU0572,100.0,95.65,62.0,7.74,2.56,3,40.12,92.65,2,51.27,High
STU0573,79.9,68.64,64.84,5.93,1.32,2,31.55,62.78,1,69.44,High
STU0574,71.71,94.37,64.38,5.69,4.24,6,100.0,77.44,1,48.29,High
STU0575,87.44,51.81,55.3,3.9,1.5,1,54.27,56.62,1,11.58,High
STU0576,41.83,97.73,40.64,7.02,4.28,0,60.97,86.55,0,100.0,Medium
STU0577,78.53,78.95,59.98,6.68,3.16,0,77.24,56.0,1,68.79,Medium
STU0578,86.56,74.95,72.9,8.39,2.64,0,73.9,77.66,0,53.22,Medium
STU0579,52.82,69.21,49.78,7.3,4.2,2,83.05,82.91,0,26.32,Medium
STU0580,92.16,60.53,70.24,8.67,3.02,4,83.94,43.78,1,35.12,Medium
STU0581,80.08,86.61,98.5,5.82,1.54,1,43.48,53.0,1,98.09,High
STU0582,68.77,67.53,85.35,8.39,8.54,0,89.58,52.27,0,95.04,Low
STU0583,84.49,29.59,94.65,6.06,2.62,2,76.68,84.44,1,80.06,High
STU0584,100.0,44.89,75.87,7.89,0.5,0,74.43,43.84,0,42.7,Medium
STU0585,77.73,61.65,87.51,4.76,1.98,0,75.18,70.86,0,95.2,Medium
STU0586,78.72,70.58,59.14,7.13,1.22,1,30.05,78.08,0,74.0,Medium
STU0587,68.11,63.98,60.33,4.02,4.99,1,64.43,68.05,1,78.1,High
STU0588,62.25,86.94,28.91,6.43,4.08,1,51.57,87.95,2,73.92,High
STU0589,87.46,29.88,87.79,7.42,4.22,1,49.12,30.36,0,34.86,Medium
STU0590,62.16,67.58,93.1,6.07,2.83,3,59.71,75.94,0,41.04,High
STU0591,76.07,32.28,61.7,5.33,3.0,1,82.03,61.73,0,54.8,High
STU0592,67.84,78.67,66.19,7.98,2.83,1,72.88,37.91,1,77.87,Medium
STU0593,82.18,63.3,58.69,6.66,3.35,2,75.44,45.54,1,37.39,High
STU0594,80.0,72.55,75.74,6.11,5.0,1,60.41,93.17,0,61.49,Medium
STU0595,90.56,49.45,86.87,6.86,4.1,1,74.4,76.38,0,61.47,Medium
STU0596,67.35,88.03,43.86,10.0,4.4,1,64.62,79.43,0,80.85,Low
STU0597,70.95,83.75,76.14,8.41,4.4,0,84.14,82.26,2,78.49,Medium
STU0598,60.32,75.5,65.85,8.43,5.09,2,79.83,40.58,3,44.8,High
STU0599,68.34,62.67,71.7,7.41,4.02,0,70.72,69.42,1,93.93,Medium
STU0600,80.66,75.44,76.88,7.03,4.15,2,54.38,84.77,0,41.74,Medium
STU0601,86.35,52.28,67.18,3.45,5.64,1,72.64,57.75,0,86.84,High
STU0602,61.17,80.4,68.45,5.85,2.3,2,72.12,89.52,1,54.0,High
STU0603,88.04,94.69,66.79,6.13,1.96,0,70.03,53.97,2,68.28,Medium
STU0604,95.33,84.27,84.55,4.18,1.37,2,59.91,67.25,1,69.52,High
STU0605,81.2,51.87,76.28,5.18,3.83,3,56.87,72.16,1,68.95,High
STU0606,100.0,71.51,73.31,4.03,0.5,2,73.48,78.58,0,78.49,High
STU0607,63.39,41.72,50.94,6.75,4.33,0,53.42,59.82,0,72.83,Medium
STU0608,56.33,75.3,64.32,7.95,3.3,1,63.72,83.22,1,80.67,Medium
STU0609,48.32,73.11,83.48,8.35,5.54,0,77.98,72.7,0,74.29,Low
STU0610,97.44,31.34,70.57,7.38,2.29,2,75.51,35.5,0,39.71,High
STU0611,84.82,44.09,79.89,5.45,3.13,3,48.33,98.06,0,70.4,High
STU0612,74.17,59.9,96.5,4.1,5.52,1,73.07,47.76,3,53.72,High
STU0613,79.2,59.58,85.58,4.34,5.99,1,100.0,99.54,3,42.81,High
STU0614,58.12,43.23,71.4,5.02,2.28,1,79.49,62.16,1,59.2,High
STU0615,100.0,72.0,62.34,5.56,3.83,4,63.33,58.81,0,68.66,High
STU0616,76.94,69.53,31.7,6.58,4.03,1,90.23,72.19,3,69.99,High
STU0617,76.64,61.5,67.47,5.38,4.17,1,100.0,52.42,1,86.12,High
STU0618,85.89,51.4,65.11,7.27,3.03,0,82.68,31.05,0,91.15,Medium
STU0619,82.22,83.88,75.86,6.47,5.81,1,38.56,63.03,0,71.73,Medium
STU0620,78.36,94.8,67.69,6.81,0.5,1,78.49,71.75,1,75.34,High
STU0621,63.14,56.3,65.19,8.4,2.74,2,90.93,92.68,1,66.91,High
STU0622,82.07,53.98,43.31,5.15,4.31,0,32.91,43.56,1,80.34,High
STU0623,100.0,73.84,55.9,7.39,4.32,1,83.93,75.44,1,74.74,Medium
STU0624,95.18,58.56,77.15,6.78,5.93,1,64.55,63.13,0,63.91,Medium
STU0625,98.9,62.49,95.74,6.33,5.66,0,90.36,65.59,1,100.0,Low
STU0626,67.33,78.31,68.54,8.04,2.99,1,66.79,82.5,0,54.08,Medium
STU0627,60.16,30.63,74.92,8.03,5.84,2,73.83,55.79,1,94.09,Medium
STU0628,73.11,88.73,84.29,5.47,2.21,2,74.12,68.02,0,37.91,High
STU0629,75.84,66.31,57.84,6.54,5.18,2,80.14,84.62,0,81.27,Medium
STU0630,91.41,57.59,75.5,7.19,6.76,1,75.6,83.53,1,93.73,Medium
STU0631,49.61,63.39,58.89,6.42,5.69,3,52.72,43.03,0,26.86,High
STU0632,97.94,64.32,82.97,7.62,3.69,3,63.53,53.97,0,67.78,Medium
STU0633,72.63,33.84,72.27,7.19,2.9,1,67.89,62.41,1,79.31,Medium
STU0634,68.6,91.91,74.48,9.37,0.75,0,88.92,79.65,2,70.04,Medium
STU0635,59.82,65.74,58.26,4.66,4.06,1,76.23,60.48,1,72.56,High
STU0636,50.18,72.97,80.61,6.63,1.49,0,56.82,66.49,0,67.72,Medium
STU0637,87.35,82.13,100.0,5.53,2.07,1,52.37,87.51,1,43.12,Medium
STU0638,76.1,46.62,54.88,7.65,1.36,0,79.13,58.9,0,100.0,Medium
STU0639,55.65,73.52,64.9,4.54,2.67,2,59.93,91.52,0,54.93,High
STU0640,55.57,60.18,73.47,7.28,3.45,1,80.8,36.1,0,73.68,Medium
STU0641,69.96,80.24,81.8,5.92,3.99,2,67.05,57.93,0,52.06,Medium
STU0642,100.0,26.71,61.61,5.77,2.42,2,92.82,40.43,1,19.48,High
STU0643,71.11,63.22,27.5,4.77,5.42,0,55.47,67.1,0,46.51,Medium
STU0644,52.45,54.15,90.39,6.15,3.13,1,92.46,78.52,0,36.05,Medium
STU0645,71.31,72.78,81.41,8.32,2.08,2,84.72,62.1,0,86.83,Medium
STU0646,70.91,73.46,43.86,6.76,3.91,0,60.51,56.46,0,52.86,Medium
STU0647,35.0,52.26,60.89,7.68,7.03,1,53.07,40.53,0,54.72,Medium
STU0648,74.19,52.18,93.52,9.13,4.1,2,100.0,95.26,0,43.71,Medium
STU0649,71.54,63.01,91.72,7.17,2.85,1,52.66,64.6,0,66.88,High
STU0650,85.44,48.86,84.08,6.02,0.75,1,73.21,56.86,1,50.67,High
STU0651,100.0,80.16,67.36,7.45,3.11,0,73.87,93.13,0,84.85,Low
STU0652,91.9,58.35,71.24,6.04,3.92,0,68.17,58.66,4,71.04,High
STU0653,70.97,20.0,68.04,6.09,2.8,0,81.28,48.61,1,53.56,High
STU0654,58.4,58.25,86.92,4.67,0.5,3,52.18,52.21,1,82.0,High
STU0655,100.0,46.31,56.86,8.1,1.97,1,100.0,49.57,1,65.16,Medium
STU0656,75.89,35.64,57.91,6.26,6.12,2,53.98,45.81,0,65.43,High
STU0657,75.21,42.73,85.15,7.05,6.08,0,65.55,52.52,1,35.75,Medium
STU0658,74.64,66.97,69.33,5.35,1.9,3,43.55,100.0,3,63.58,High
STU0659,77.97,88.92,90.68,7.41,4.71,0,85.78,44.3,0,71.43,Low
STU0660,72.83,70.64,59.93,5.73,1.38,1,100.0,38.14,1,91.67,High
STU0661,66.4,54.08,69.18,6.6,6.03,0,100.0,70.0,1,49.96,Medium
STU0662,66.8,73.21,56.16,8.03,3.94,2,87.29,63.63,0,100.0,Medium
STU0663,74.51,56.74,70.11,7.91,5.21,0,61.69,76.88,1,76.14,Medium
STU0664,66.85,52.5,47.82,6.77,0.5,1,68.03,55.03,0,34.61,High
STU0665,64.31,44.22,62.69,4.32,4.72,5,62.51,49.37,1,48.1,High
STU0666,76.6,33.47,48.46,10.0,3.49,0,47.38,95.13,0,93.42,Medium
STU0667,71.18,57.98,80.41,9.24,5.03,1,62.98,35.99,1,89.86,Medium
STU0668,97.56,67.84,80.75,7.81,5.15,1,83.45,71.49,1,65.36,Medium
STU0669,35.24,63.26,44.05,5.75,3.62,1,53.26,77.43,1,68.0,High
STU0670,91.37,57.51,90.01,6.64,2.42,2,29.22,79.79,0,41.71,Medium
STU0671,93.69,47.98,100.0,6.04,4.9,2,46.7,59.54,1,91.43,High
STU0672,43.9,75.95,70.69,8.57,3.39,1,81.91,42.53,3,45.24,High
STU0673,69.86,41.29,60.38,7.17,1.93,2,38.79,91.99,0,81.89,High
STU0674,69.43,78.97,100.0,5.7,1.84,1,59.98,56.98,0,92.04,Medium
STU0675,53.89,46.96,50.22,6.14,0.84,4,61.48,92.54,0,65.96,High
STU0676,63.33,51.46,70.3,8.37,2.58,2,72.39,71.63,1,84.35,High
STU0677,58.34,38.6,72.69,9.04,5.48,0,71.99,56.29,0,100.0,Medium
STU0678,100.0,55.97,90.18,8.94,3.82,3,74.8,72.08,0,70.36,Medium
STU0679,89.04,82.56,75.4,7.86,2.55,3,65.47,85.71,0,61.49,Medium
STU0680,94.07,74.28,62.52,6.45,4.95,1,51.94,66.48,0,63.66,Medium
STU0681,85.83,82.61,55.73,3.0,2.0,1,83.32,51.72,1,50.14,High
STU0682,58.06,74.4,64.87,7.22,3.67,1,38.02,32.82,1,49.69,High
STU0683,67.13,45.13,54.9,6.8,3.18,0,81.28,57.36,2,73.85,High
STU0684,82.34,59.05,70.72,7.0,4.9,0,87.45,79.54,1,61.72,Medium
STU0685,56.67,50.96,61.54,6.88,0.66,2,100.0,46.81,1,71.55,High
STU0686,85.69,88.95,47.59,4.94,1.97,3,55.18,77.26,0,35.2,High
STU0687,71.4,43.46,88.83,7.58,0.55,0,58.48,65.51,0,63.15,Medium
STU0688,69.38,81.09,62.53,7.69,3.03,2,68.91,78.42,1,85.6,Medium
STU0689,85.66,81.07,50.98,7.76,5.68,0,67.64,22.89,1,42.62,Medium
STU0690,81.66,97.93,67.48,8.13,2.59,0,82.19,39.43,0,65.33,Medium
STU0691,69.59,57.63,71.03,7.65,2.58,1,76.88,56.67,0,27.91,Medium
STU0692,92.39,77.82,43.8,6.23,5.07,3,62.02,98.59,1,38.89,Medium
STU0693,58.78,100.0,74.97,6.7,5.42,0,66.33,51.42,0,81.15,Low
STU0694,84.24,53.88,54.29,6.93,3.34,1,83.87,62.72,0,58.81,Medium
STU0695,83.9,37.37,95.67,6.95,4.73,1,46.47,100.0,1,100.0,Medium
STU0696,70.36,31.16,77.86,8.2,1.56,4,64.03,72.72,0,73.65,High
STU0697,79.89,77.83,64.0,7.7,5.98,0,77.43,80.47,1,75.61,Medium
STU0698,56.23,31.1,58.82,9.71,7.37,0,49.87,53.44,0,43.47,Medium
STU0699,88.86,58.3,68.43,9.89,4.44,0,20.0,86.22,0,57.3,Low
STU0700,72.23,72.87,79.19,6.91,0.5,1,92.59,88.97,2,50.35,High
STU0701,67.16,68.33,69.62,3.0,2.5,2,67.65,74.03,0,43.69,High
STU0702,90.74,72.66,66.74,8.53,4.6,1,46.62,63.45,1,78.28,Medium
STU0703,64.43,69.0,70.88,6.04,2.74,1,83.65,75.07,0,82.29,Medium
STU0704,53.87,88.02,60.94,5.68,5.79,2,64.46,35.74,1,72.98,High
STU0705,51.65,47.86,64.85,6.24,4.56,1,50.41,84.6,0,48.44,High
STU0706,84.09,52.81,38.71,6.17,2.23,0,74.29,49.72,0,71.61,Medium
STU0707,55.79,51.09,84.61,7.66,3.56,1,68.88,59.99,2,26.75,High
STU0708,100.0,79.94,74.48,4.62,1.89,1,57.58,88.72,1,91.46,High
STU0709,43.77,81.21,58.4,5.29,3.17,1,54.92,84.76,1,39.04,High
STU0710,100.0,73.12,98.48,7.28,2.5,2,50.56,35.82,1,42.59,High
STU0711,78.17,86.3,71.31,7.67,5.61,1,80.5,47.95,1,67.31,Medium
STU0712,73.55,43.8,54.46,7.7,7.31,1,46.78,76.52,1,69.08,Medium
STU0713,66.83,95.01,82.85,5.7,0.92,0,54.44,33.69,1,63.55,Medium
STU0714,80.99,92.42,75.97,5.43,0.5,2,69.72,90.55,0,42.8,High
STU0715,74.44,78.24,75.92,6.09,3.06,0,92.8,67.12,0,87.67,Medium
STU0716,91.55,97.07,63.61,7.14,0.77,3,70.26,90.43,1,31.28,High
STU0717,76.71,35.18,76.76,8.88,3.58,1,78.0,51.59,1,35.33,High
STU0718,77.25,55.56,66.07,3.93,4.85,1,69.74,53.19,0,62.86,High
STU0719,69.55,51.76,78.34,6.49,6.19,3,83.41,83.61,0,39.72,High
STU0720,74.15,77.99,41.43,4.93,3.86,1,100.0,59.67,0,89.45,Medium
STU0721,79.62,46.1,63.49,4.49,3.15,0,60.56,42.66,3,41.44,High
STU0722,49.35,78.63,95.83,8.15,0.5,1,68.24,75.11,0,96.14,Medium
STU0723,54.78,89.67,58.49,7.56,3.55,1,70.95,36.34,0,85.7,Medium
STU0724,86.15,77.51,60.94,7.43,3.63,1,77.01,90.96,2,89.7,Medium
STU0725,77.56,70.11,63.28,8.09,4.65,0,70.25,68.32,0,100.0,Low
STU0726,72.24,47.22,51.78,6.13,2.22,1,58.76,48.99,1,66.62,High
STU0727,75.28,49.76,36.88,6.19,2.72,2,67.88,85.61,0,44.74,High
STU0728,80.21,87.49,66.54,9.86,0.84,1,100.0,85.93,1,62.94,Medium
STU0729,66.9,79.03,72.04,6.45,0.5,1,73.34,65.07,1,53.67,High
STU0730,63.33,64.3,69.21,7.83,1.5,1,35.52,100.0,0,50.82,High
STU0731,77.94,57.48,67.83,6.81,0.67,3,61.29,100.0,0,68.02,High
STU0732,60.32,28.54,70.65,4.21,4.11,2,68.23,70.82,0,58.77,High
STU0733,81.12,45.72,85.34,3.94,2.57,2,65.61,84.18,1,49.96,High
STU0734,49.46,99.41,67.14,5.99,2.53,1,66.84,88.56,0,60.09,Medium
STU0735,90.44,41.95,61.39,8.28,1.73,4,72.87,44.57,1,75.98,High
STU0736,82.09,68.41,65.78,7.9,0.5,1,76.65,70.16,0,84.13,Medium
STU0737,78.84,83.13,78.69,8.08,6.21,4,72.4,52.73,2,32.94,High
STU0738,89.74,42.41,91.18,5.42,1.7,2,84.16,50.19,0,58.94,High
STU0739,99.98,68.32,60.58,9.06,2.76,2,42.58,67.19,1,62.17,Medium
STU0740,90.22,81.88,71.48,5.45,0.88,3,63.7,68.54,1,41.35,High
STU0741,47.39,65.22,75.08,7.1,5.25,2,75.38,35.98,0,62.61,High
STU0742,55.81,100.0,55.11,6.79,3.76,1,72.35,71.19,0,67.96,Medium
STU0743,65.63,34.97,70.31,6.56,2.01,1,56.91,60.48,1,75.38,High
STU0744,75.39,84.06,48.01,8.67,2.79,1,58.96,90.16,0,66.54,Medium
STU0745,82.76,61.89,43.46,5.81,6.52,1,53.69,85.93,2,47.38,High
STU0746,64.11,78.89,75.5,4.91,3.37,3,84.6,49.59,2,100.0,High
STU0747,77.8,72.94,64.24,6.83,3.17,1,36.51,88.63,0,81.58,Medium
STU0748,63.67,51.8,73.03,6.24,1.81,2,46.21,74.65,1,76.05,High
STU0749,65.83,69.12,69.73,10.0,0.5,5,75.12,61.07,0,85.1,High
STU0750,53.9,31.56,55.35,7.75,3.21,0,77.23,55.78,1,69.89,Medium
STU0751,61.15,75.86,69.32,6.23,4.09,2,41.06,44.34,1,90.73,High
STU0752,54.72,70.37,51.5,5.32,5.48,0,78.65,43.08,0,66.14,Medium
STU0753,60.36,76.5,90.86,4.17,0.5,0,71.07,32.11,0,65.03,High
STU0754,90.8,84.05,49.66,5.36,1.47,2,76.77,65.38,1,77.7,High
STU0755,60.76,71.62,67.06,6.96,2.45,0,69.23,27.92,1,96.53,Medium
STU0756,100.0,67.67,54.37,8.8,3.49,1,75.23,49.4,1,95.24,Medium
STU0757,82.4,49.14,78.56,8.37,3.24,0,75.82,76.82,0,76.86,Medium
STU0758,77.77,52.18,65.03,7.12,3.28,2,76.02,91.88,0,75.33,Medium
STU0759,62.12,86.36,62.22,6.35,4.23,1,72.15,44.33,0,78.92,Medium
STU0760,85.5,90.85,82.8,7.18,1.87,1,66.55,75.97,1,84.71,Medium
STU0761,66.37,60.71,70.44,6.07,5.18,0,66.65,59.43,0,90.97,Medium
STU0762,76.83,65.83,77.75,9.21,4.28,2,71.91,55.71,0,60.27,Medium
STU0763,100.0,48.72,55.28,6.54,2.92,0,82.03,67.78,2,91.36,Medium
STU0764,73.56,86.11,48.93,6.68,6.38,2,100.0,53.21,0,71.86,Medium
STU0765,92.24,76.98,71.61,3.7,6.3,1,76.98,63.48,1,78.02,High
STU0766,64.45,99.94,65.22,6.53,5.18,1,74.42,66.28,0,92.64,Medium
STU0767,74.48,49.19,79.4,7.97,0.5,1,88.66,85.89,1,79.94,Medium
STU0768,100.0,58.2,68.8,5.31,6.34,1,74.74,89.79,0,83.32,Medium
STU0769,65.6,69.17,73.08,5.75,4.93,1,49.97,54.23,0,57.21,High
STU0770,100.0,76.64,45.65,7.91,7.11,1,55.53,60.14,0,94.97,Low
STU0771,85.62,61.12,98.33,4.73,5.73,1,99.09,79.48,0,78.91,Medium
STU0772,66.56,49.29,67.54,8.28,6.34,1,55.87,61.74,0,67.52,Medium
STU0773,84.49,80.87,80.46,6.05,5.08,2,77.69,77.86,0,87.02,Medium
STU0774,89.59,77.98,57.46,6.26,5.93,0,51.19,81.24,2,100.0,Medium
STU0775,84.33,48.51,74.62,5.23,7.09,3,89.83,83.35,2,41.62,High
STU0776,51.45,89.4,50.46,7.33,3.89,2,60.18,66.58,0,48.93,Medium
STU0777,64.09,86.06,76.78,10.0,0.67,3,69.41,44.06,1,100.0,Medium
STU0778,71.29,67.42,64.66,7.89,2.95,1,64.12,61.98,0,73.53,Medium
STU0779,73.88,66.43,70.44,5.59,4.2,1,76.58,55.87,0,68.82,Medium
STU0780,84.31,74.97,80.47,8.39,3.63,0,70.92,78.99,2,62.69,Low
STU0781,77.67,49.49,51.51,6.36,1.26,0,83.47,92.46,1,89.17,Medium
STU0782,54.97,65.54,59.73,8.72,0.56,2,79.14,92.97,0,100.0,Medium
STU0783,80.7,26.26,76.86,7.93,2.17,1,72.79,80.94,0,51.7,High
STU0784,84.16,80.78,100.0,3.0,4.95,0,79.07,48.17,0,63.06,Medium
STU0785,83.4,36.89,67.93,5.39,6.34,2,79.91,90.26,1,57.99,High
STU0786,91.21,92.06,78.87,8.12,5.15,1,61.24,72.68,0,79.66,Low
STU0787,87.51,59.06,68.4,7.01,5.4,1,59.95,50.15,0,89.45,Medium
STU0788,81.89,61.19,99.13,5.37,3.35,0,94.39,80.51,2,97.42,Medium
STU0789,73.95,53.7,43.79,5.91,0.5,2,80.01,61.02,1,80.33,High
STU0790,50.09,59.82,71.42,4.13,2.68,1,74.87,29.91,0,100.0,High
STU0791,81.44,90.53,45.62,6.68,3.03,1,54.37,47.35,1,53.5,High
STU0792,78.12,20.22,32.4,9.89,2.61,2,37.6,63.82,0,48.31,High
STU0793,79.07,87.99,74.46,7.93,3.6,3,63.02,63.11,0,94.39,Medium
STU0794,55.85,71.08,72.09,9.87,4.29,1,60.3,45.83,3,67.46,Medium
STU0795,58.78,43.27,65.73,8.04,5.04,1,62.72,78.52,1,37.48,Medium
STU0796,90.8,45.64,68.41,8.24,3.0,0,82.5,74.36,1,58.68,Medium
STU0797,74.41,95.18,100.0,9.56,0.5,2,93.97,39.16,0,70.11,Medium
STU0798,85.22,47.98,66.13,7.33,2.63,2,86.86,100.0,0,52.08,Medium
STU0799,75.42,44.24,77.65,6.54,3.58,0,57.7,43.14,0,44.71,Medium
STU0800,75.45,85.47,60.26,8.25,5.7,1,77.15,56.76,1,60.85,Medium
STU0801,89.07,71.09,74.43,8.84,2.48,2,59.72,71.76,0,43.71,Low
STU0802,67.26,48.12,66.43,6.13,4.42,0,36.7,56.82,0,77.7,Medium
STU0803,76.44,68.9,63.84,5.79,4.02,2,66.7,91.18,0,26.12,High
STU0804,68.07,46.54,97.28,6.99,3.58,3,89.43,61.84,1,66.81,High
STU0805,68.48,84.81,87.66,7.96,5.17,0,62.31,48.41,0,75.39,Medium
STU0806,70.36,84.1,72.05,7.92,2.31,2,82.16,76.06,2,63.19,Medium
STU0807,78.33,74.58,35.44,4.81,2.46,1,56.68,20.0,0,86.86,High
STU0808,67.82,71.51,64.58,9.48,3.48,4,79.7,74.61,1,37.59,Medium
STU0809,93.84,96.7,100.0,5.9,2.35,1,63.86,88.22,1,50.98,Medium
STU0810,61.58,64.99,66.54,6.43,4.41,2,93.9,23.48,0,58.4,High
STU0811,72.2,43.73,86.55,5.54,2.22,0,62.67,57.73,0,79.25,Medium
STU0812,68.4,73.09,91.63,10.0,3.91,1,58.78,35.37,0,69.37,Medium
STU0813,96.7,100.0,73.28,7.14,3.32,0,93.02,65.24,5,100.0,High
STU0814,77.95,46.73,57.37,5.61,3.89,3,58.19,100.0,1,48.88,High
STU0815,90.48,58.49,33.47,8.01,2.67,1,71.62,69.13,0,37.1,Medium
STU0816,52.72,72.5,80.26,7.88,2.89,1,58.32,61.07,2,100.0,High
STU0817,79.01,64.03,57.78,6.54,3.67,2,83.71,20.0,1,36.38,High
STU0818,88.34,47.32,72.64,7.98,3.86,0,90.05,45.09,2,78.66,Medium
STU0819,76.23,85.19,51.25,5.64,3.49,3,56.53,62.61,1,45.43,High
STU0820,90.98,100.0,66.02,6.11,6.57,0,77.29,66.68,2,23.61,Medium
STU0821,67.24,68.53,70.51,3.99,1.72,2,78.87,71.18,0,57.5,High
STU0822,96.14,48.73,74.03,4.95,3.38,1,70.15,78.83,1,82.99,High
STU0823,100.0,37.12,53.28,9.33,0.67,2,93.94,48.7,1,40.56,Medium
STU0824,69.56,69.64,87.95,9.1,4.17,2,93.81,65.72,1,76.52,Medium
STU0825,68.32,84.87,61.05,6.89,1.49,1,53.51,56.07,0,80.26,High
STU0826,96.8,73.55,44.88,9.13,3.0,0,88.55,48.11,3,39.57,Medium
STU0827,98.69,64.96,68.36,6.58,2.83,2,76.61,49.31,0,60.44,Medium
STU0828,67.16,54.39,70.52,6.46,4.01,0,72.15,74.74,0,96.54,Medium
STU0829,68.7,45.34,72.41,6.88,2.5,1,64.05,20.0,0,78.01,High
STU0830,70.77,80.03,90.43,6.63,2.43,0,42.8,31.61,1,59.77,Medium
STU0831,54.83,81.45,66.45,6.5,6.08,1,72.81,100.0,1,73.31,Medium
STU0832,61.22,37.18,68.21,8.4,4.01,0,73.23,53.04,0,51.29,Medium
STU0833,59.94,93.62,53.45,7.01,2.49,1,100.0,91.44,1,87.27,Medium
STU0834,63.48,75.33,82.31,7.8,3.05,0,56.54,63.84,0,87.27,Medium
STU0835,74.48,90.19,72.76,8.24,6.46,1,40.68,54.89,0,67.42,Low
STU0836,78.51,40.84,63.7,7.34,3.08,1,47.95,76.83,0,69.61,Medium
STU0837,98.26,40.42,41.43,5.44,2.26,0,95.05,66.45,0,45.02,Medium
STU0838,60.02,62.32,91.67,4.91,2.27,2,60.39,61.78,1,37.96,High
STU0839,89.76,74.05,51.58,7.01,2.51,1,91.19,64.21,0,57.47,Medium
STU0840,71.79,97.33,61.13,6.56,2.43,1,68.11,72.09,1,63.25,Medium
STU0841,74.26,77.71,75.38,6.92,1.2,2,51.43,52.61,0,86.25,High
STU0842,85.12,60.63,52.05,6.78,1.48,2,100.0,56.33,0,83.45,High
STU0843,58.16,46.53,47.6,10.0,2.01,0,90.4,47.4,0,68.7,Medium
STU0844,80.74,87.14,38.14,4.94,4.56,3,64.95,43.27,0,88.81,High
STU0845,77.5,47.64,80.81,4.01,2.81,1,84.95,98.3,1,46.13,High
STU0846,82.39,94.31,61.82,7.27,3.13,0,70.09,48.69,0,86.55,Medium
STU0847,79.34,59.88,100.0,6.27,5.79,1,75.44,82.97,1,49.19,Medium
STU0848,100.0,93.63,55.08,7.24,5.83,0,97.96,58.6,0,89.79,Low
STU0849,65.43,77.22,56.18,7.62,2.99,0,42.17,74.73,1,64.73,Medium
STU0850,67.04,62.53,61.52,8.6,2.36,0,61.9,64.97,0,25.03,Medium
STU0851,65.65,55.65,73.65,4.69,1.94,0,68.5,32.76,1,79.6,High
STU0852,66.67,58.86,62.95,6.02,4.75,1,73.69,65.52,0,81.19,Medium
STU0853,65.44,72.71,79.18,7.4,3.13,0,46.77,75.9,1,55.87,Medium
STU0854,92.84,66.39,55.32,7.88,2.8,2,83.59,47.81,1,57.57,Medium
STU0855,96.31,54.31,49.28,9.87,2.04,2,48.38,100.0,0,61.81,Low
STU0856,66.44,62.02,43.03,8.14,2.11,1,46.75,79.62,0,26.5,Medium
STU0857,62.51,66.41,36.65,6.72,4.08,1,63.74,79.78,1,17.71,High
STU0858,82.07,26.68,62.23,5.55,1.13,2,100.0,81.69,1,91.03,High
STU0859,66.72,73.25,65.49,6.01,5.29,0,100.0,22.99,0,48.52,Medium
STU0860,84.49,47.37,60.53,5.97,2.54,2,76.3,77.69,0,100.0,High
STU0861,78.04,44.24,88.65,7.72,3.23,1,63.95,100.0,3,92.41,High
STU0862,52.26,34.63,88.42,7.16,1.09,0,70.66,78.67,0,96.34,High
STU0863,98.21,32.71,64.98,4.95,3.48,1,73.69,60.27,0,51.99,Medium
STU0864,100.0,40.6,43.09,6.19,2.91,0,92.93,44.92,1,32.83,High
STU0865,65.81,52.24,61.5,8.03,3.41,0,47.29,43.19,0,43.26,Medium
STU0866,69.18,100.0,61.0,7.29,6.15,1,88.31,41.03,0,56.07,Medium
STU0867,79.29,55.53,60.14,7.6,3.82,1,43.75,57.79,0,17.54,Medium
STU0868,80.02,68.2,59.53,7.34,2.07,1,59.82,45.77,0,55.49,Medium
STU0869,84.88,72.21,60.2,9.08,2.22,1,67.96,62.26,0,60.97,Medium
STU0870,100.0,67.36,64.2,7.13,4.57,1,74.99,68.67,0,39.11,Medium
STU0871,72.35,63.61,60.47,6.26,5.84,0,67.94,34.04,0,44.19,Medium
STU0872,63.03,43.48,73.12,5.52,4.01,1,70.98,51.23,1,60.59,High
STU0873,54.31,91.12,75.41,7.15,4.74,0,68.69,54.58,0,72.13,Medium
STU0874,64.04,97.53,56.34,3.38,4.6,1,42.15,54.07,1,47.18,High
STU0875,74.5,34.71,89.07,6.54,6.05,0,77.78,65.32,0,70.85,Medium
STU0876,100.0,46.57,55.3,6.51,0.5,0,81.79,67.25,2,67.74,High
STU0877,67.24,59.96,45.73,4.89,4.7,0,90.83,57.36,0,65.94,Medium
STU0878,78.36,47.64,75.71,5.5,5.27,1,99.4,52.9,1,51.96,High
STU0879,74.75,74.11,57.74,7.93,1.09,0,74.98,64.63,0,38.33,Medium
STU0880,92.83,51.89,74.82,7.12,1.91,0,92.0,90.96,0,98.93,Medium
STU0881,100.0,100.0,33.94,6.94,1.97,2,68.31,38.8,1,77.61,High
STU0882,67.04,86.43,90.89,7.23,2.19,1,43.34,85.37,1,85.11,High
STU0883,67.66,68.83,80.08,6.93,2.63,3,84.34,35.59,0,63.33,High
STU0884,90.66,83.49,47.49,8.54,3.94,1,80.57,71.51,2,61.72,Medium
STU0885,85.23,84.91,47.82,6.97,5.06,1,68.01,83.89,0,74.81,Medium
STU0886,100.0,54.85,95.08,4.76,5.45,3,66.94,41.18,1,28.31,High
STU0887,83.76,50.31,58.94,9.08,1.99,0,76.13,71.31,1,42.71,Medium
STU0888,69.61,66.41,57.49,7.32,1.98,3,62.26,46.17,0,49.04,High
STU0889,83.86,80.51,36.01,5.98,5.87,2,75.52,86.07,2,55.91,High
STU0890,91.63,67.5,64.74,5.05,4.66,0,52.32,36.2,1,47.41,Medium
STU0891,87.31,36.61,66.58,7.35,3.65,0,54.23,48.94,2,71.66,Medium
STU0892,82.61,50.55,80.73,6.64,4.35,1,45.55,67.36,0,66.63,Medium
STU0893,91.0,63.67,49.01,9.0,3.45,0,100.0,77.81,0,92.86,Low
STU0894,92.54,63.64,47.2,6.32,4.44,0,69.24,66.67,0,100.0,Medium
STU0895,95.73,100.0,76.76,5.63,2.9,1,88.54,73.91,0,39.74,Medium
STU0896,84.73,40.05,85.1,8.05,3.98,0,49.35,55.11,1,67.95,Medium
STU0897,72.49,74.1,46.43,8.1,0.78,2,64.91,45.36,0,67.91,High
STU0898,77.2,91.8,86.22,7.04,2.26,2,77.38,91.36,1,64.72,Medium
STU0899,93.1,100.0,70.56,7.75,2.28,0,93.01,73.98,0,43.3,Low
STU0900,62.75,57.72,86.38,6.75,2.83,1,57.76,56.22,0,46.66,Medium
STU0901,80.53,73.85,68.95,7.13,1.83,0,61.16,35.23,1,69.81,Medium
STU0902,69.1,75.26,32.17,8.43,2.54,2,54.54,87.02,1,46.09,Medium
STU0903,75.43,68.52,67.72,7.68,0.77,0,65.95,87.76,1,68.19,Medium
STU0904,94.18,63.22,85.9,6.56,4.49,1,50.66,61.09,1,60.08,Medium
STU0905,77.87,72.85,56.59,8.69,3.35,3,43.58,53.11,0,67.83,Medium
STU0906,75.7,20.0,64.18,3.49,0.5,3,72.4,60.33,1,45.93,High
STU0907,54.6,77.28,67.36,9.67,2.0,1,79.4,61.21,0,68.15,Medium
STU0908,86.19,67.27,26.51,4.41,4.11,2,48.64,78.85,2,47.38,High
STU0909,84.68,61.0,95.07,5.92,2.52,0,56.53,44.52,1,68.21,Medium
STU0910,100.0,100.0,56.48,6.74,2.25,2,66.3,54.5,0,91.79,Medium
STU0911,70.38,52.85,77.59,6.59,3.37,2,97.01,61.69,3,70.22,High
STU0912,78.29,57.74,68.7,8.21,4.12,1,20.0,69.65,1,71.44,Medium
STU0913,78.74,100.0,88.86,5.32,0.91,1,75.56,80.59,0,81.34,Medium
STU0914,98.66,50.02,76.09,7.17,4.49,0,79.55,70.6,1,36.93,Medium
STU0915,73.57,55.1,66.48,5.99,2.06,2,55.89,96.54,0,99.38,High
STU0916,79.19,62.35,56.6,7.21,3.47,0,62.06,47.15,0,43.89,Medium
STU0917,84.12,80.13,81.97,6.71,3.44,1,73.66,91.31,0,82.59,Medium
STU0918,77.8,68.74,41.9,6.93,2.55,0,67.5,47.83,0,79.94,Medium
STU0919,68.3,41.73,79.69,6.03,1.66,1,96.88,57.88,0,46.96,Medium
STU0920,77.91,55.42,53.51,6.09,2.99,3,69.74,71.97,1,85.18,High
STU0921,91.1,54.07,88.78,7.2,6.43,1,82.64,86.2,2,74.96,Medium
STU0922,59.6,63.61,72.42,8.12,1.05,0,75.65,57.91,1,100.0,Medium
STU0923,76.99,72.67,79.66,5.96,6.55,2,79.8,72.07,1,68.87,Medium
STU0924,64.5,72.53,71.23,5.58,3.03,1,54.78,59.32,1,62.83,High
STU0925,92.93,33.03,43.71,7.66,3.56,0,71.42,23.68,0,54.7,Medium
STU0926,52.15,84.15,57.09,6.75,1.54,3,66.89,64.31,1,30.13,High
STU0927,66.62,69.55,80.09,7.96,2.11,3,55.82,42.65,1,58.64,Medium
STU0928,80.66,89.92,72.5,5.53,2.59,2,83.73,87.89,1,59.48,High
STU0929,98.48,73.0,87.71,4.31,1.62,1,33.74,88.01,2,70.24,Medium
STU0930,74.01,84.82,76.05,6.05,3.12,1,90.9,49.95,0,36.54,Medium
STU0931,66.67,73.4,55.5,5.73,2.77,0,30.28,47.19,2,60.22,High
STU0932,100.0,89.23,58.06,6.69,6.83,2,65.39,53.68,1,76.53,Medium
STU0933,53.28,74.4,71.54,5.91,1.4,2,84.0,74.58,0,78.51,High
STU0934,42.02,63.24,35.29,7.84,3.68,2,47.8,74.65,0,27.8,Medium
STU0935,81.6,100.0,95.1,6.4,3.95,1,75.2,100.0,1,79.13,Medium
STU0936,67.47,81.0,76.63,7.01,1.57,0,73.37,59.44,0,60.07,Medium
STU0937,59.68,75.33,88.41,7.02,4.74,1,73.55,66.64,0,61.3,Medium
STU0938,85.63,42.03,46.29,7.07,2.78,3,62.07,99.77,2,17.71,High
STU0939,78.66,41.81,88.67,6.77,0.5,1,60.09,70.15,1,94.87,Medium
STU0940,66.54,70.27,100.0,7.51,4.69,0,41.31,45.41,0,68.54,Medium
STU0941,55.8,67.62,50.19,5.69,1.49,1,66.23,71.16,0,34.37,High
STU0942,88.09,53.95,81.57,8.76,1.61,2,83.6,77.69,0,72.5,Medium
STU0943,84.75,67.54,70.02,6.47,4.74,1,60.25,58.85,0,71.89,Medium
STU0944,73.51,93.6,46.83,4.96,2.88,2,61.09,79.32,1,89.45,High
STU0945,100.0,77.52,77.39,7.06,5.15,0,95.02,77.71,1,58.81,Medium
STU0946,58.95,44.46,82.5,5.61,5.68,1,65.22,56.75,1,65.24,High
STU0947,52.12,62.99,60.98,7.73,2.34,2,73.99,92.93,1,52.14,High
STU0948,64.62,50.51,87.49,9.89,4.93,2,77.11,50.9,1,76.96,Medium
STU0949,74.32,58.02,45.0,5.7,2.14,0,65.21,72.87,0,49.33,High
STU0950,78.65,57.55,47.58,7.27,7.52,1,79.58,54.16,1,47.14,Medium
STU0951,71.38,56.4,72.05,4.34,2.25,2,84.82,34.53,0,63.64,High
STU0952,80.28,42.41,70.38,7.44,5.35,4,83.36,71.45,1,40.48,High
STU0953,56.23,62.7,59.25,5.56,5.02,1,85.26,99.73,1,97.04,Medium
STU0954,96.66,54.91,82.14,5.93,4.07,2,32.59,64.03,0,100.0,High
STU0955,73.77,20.0,77.96,5.26,2.29,2,48.08,38.12,0,55.93,High
STU0956,91.76,100.0,82.87,7.83,3.23,0,59.25,69.0,0,37.27,Medium
STU0957,80.14,84.6,68.15,8.21,0.5,4,54.47,50.26,0,71.73,High
STU0958,81.85,58.23,79.04,6.83,3.9,3,55.76,83.97,2,55.36,High
STU0959,83.55,65.34,63.32,5.59,4.13,0,83.12,60.88,1,88.49,High
STU0960,81.72,43.91,100.0,9.03,3.74,1,69.82,33.09,0,49.26,Medium
STU0961,84.64,95.52,57.81,5.75,0.5,4,65.67,74.15,0,75.89,High
STU0962,94.94,99.15,100.0,3.77,1.22,3,64.17,68.76,0,67.28,High
STU0963,77.95,67.82,70.52,7.44,2.15,2,61.2,59.6,1,51.47,High
STU0964,85.64,83.42,49.37,5.25,4.02,3,63.89,46.3,2,69.8,High
STU0965,73.65,68.16,90.52,8.18,4.02,2,91.59,97.2,2,82.57,Medium
STU0966,96.6,40.94,71.89,6.27,3.19,2,38.01,56.87,0,66.74,High
STU0967,64.85,57.59,82.77,7.65,4.64,3,89.67,81.15,0,66.95,High
STU0968,100.0,67.37,88.36,8.76,1.65,0,100.0,56.66,1,47.54,Low
STU0969,74.4,56.82,75.07,5.11,4.6,1,89.54,77.25,1,87.88,High
STU0970,53.54,61.06,61.12,6.01,4.35,3,51.17,65.96,0,85.89,High
STU0971,76.92,63.35,84.64,6.69,4.18,2,59.73,65.5,0,56.79,Medium
STU0972,64.78,63.54,70.01,8.95,3.17,1,85.57,50.12,1,62.51,Medium
STU0973,87.61,65.94,80.29,5.88,6.8,0,63.77,74.51,0,93.28,Medium
STU0974,65.21,45.91,37.69,5.97,4.39,5,59.4,90.29,0,42.33,High
STU0975,68.31,52.09,76.7,7.47,1.76,5,66.28,46.38,0,77.09,High
STU0976,46.66,41.88,60.42,5.99,3.95,1,48.93,50.02,0,53.83,High
STU0977,68.22,82.6,94.8,7.01,4.85,2,65.79,100.0,1,100.0,Medium
STU0978,38.64,27.1,79.35,4.63,2.44,0,47.49,46.97,1,66.27,High
STU0979,51.24,85.76,73.6,9.9,5.46,1,80.28,55.02,2,90.21,Low
STU0980,86.41,89.95,77.29,4.91,4.19,2,53.65,89.91,0,49.77,Medium
STU0981,86.79,59.56,55.02,6.35,0.5,2,68.88,90.45,1,40.03,High
STU0982,81.38,20.0,94.35,6.75,4.04,0,60.44,21.29,0,60.31,Medium
STU0983,60.5,58.5,99.87,9.48,2.77,1,74.49,78.78,0,70.25,Medium
STU0984,74.28,63.84,75.89,4.95,4.47,2,81.98,61.49,0,54.79,High
STU0985,74.95,46.81,93.86,9.58,5.2,1,72.87,62.31,0,80.17,Low
STU0986,57.62,55.73,61.46,7.86,3.85,1,56.09,85.97,1,60.8,Medium
STU0987,97.55,92.54,58.04,7.38,6.5,1,58.43,58.73,1,23.37,Medium
STU0988,88.16,76.97,70.61,5.42,3.18,0,100.0,55.78,1,76.06,Medium
STU0989,71.69,48.36,76.52,7.6,4.62,0,84.12,59.21,0,47.35,Medium
STU0990,75.4,36.24,64.09,5.79,4.95,1,64.64,58.72,2,57.77,High
STU0991,78.13,59.11,78.07,8.57,3.32,0,58.24,71.25,1,96.06,Medium
STU0992,44.37,61.16,74.6,5.44,4.9,1,43.54,88.82,1,100.0,High
STU0993,71.29,73.93,55.03,6.64,2.43,0,87.18,72.7,0,53.49,Medium
STU0994,64.77,55.36,77.78,6.02,2.74,1,55.91,64.77,0,76.56,High
STU0995,59.98,74.21,82.95,5.42,1.14,0,85.91,74.83,0,53.95,Medium
STU0996,70.78,99.83,72.57,7.84,3.93,1,82.07,79.04,0,59.26,Medium
STU0997,100.0,79.68,87.29,7.55,4.09,0,91.0,75.4,1,52.88,Low
STU0998,84.61,64.13,51.74,8.49,5.62,1,80.9,52.99,1,30.51,Medium
STU0999,66.43,61.7,77.02,4.31,4.92,0,64.43,72.64,2,66.9,High
STU1000,83.59,58.58,52.45,8.29,2.99,2,68.27,26.85,1,70.76,Medium
STU1001,95.99,86.25,53.29,10.0,1.38,5,68.42,92.61,0,51.58,Medium
STU1002,88.87,53.71,60.54,6.17,4.28,0,63.43,92.56,0,86.76,Medium
STU1003,75.89,65.81,55.87,9.45,5.5,3,40.41,81.01,0,56.28,Medium
STU1004,65.3,65.92,61.78,6.43,4.86,1,31.36,87.43,2,52.26,High
STU1005,85.47,55.97,66.79,4.88,5.45,1,80.9,63.67,2,75.53,High
STU1006,80.9,40.3,82.56,6.37,3.12,1,64.92,51.49,0,34.15,High
STU1007,88.43,70.81,65.18,8.27,2.66,2,84.32,42.43,0,83.13,Medium
STU1008,84.53,63.9,46.22,5.63,2.17,2,61.55,83.15,1,56.96,High
STU1009,90.74,74.0,87.1,5.96,3.4,1,67.98,51.49,0,84.79,Medium
STU1010,66.97,55.4,57.44,7.63,3.36,0,83.8,58.27,1,90.76,Medium
STU1011,94.76,86.97,69.12,6.8,3.87,1,94.44,69.03,0,77.8,Medium
STU1012,77.96,49.22,76.7,7.62,3.27,1,62.62,64.33,2,48.76,High
STU1013,100.0,95.82,72.99,7.13,3.26,3,51.0,69.77,1,39.98,Medium
STU1014,64.66,33.54,86.41,7.47,2.1,0,88.62,32.45,0,36.32,Medium
STU1015,100.0,72.83,77.19,6.19,5.19,1,63.12,60.8,0,87.06,Medium
STU1016,77.97,73.56,57.08,7.12,3.64,1,59.75,79.83,0,62.3,Medium
STU1017,65.23,50.68,100.0,5.5,3.19,1,61.2,57.23,0,53.02,High
STU1018,67.74,72.64,72.92,8.6,2.15,4,55.78,49.48,0,62.36,High
STU1019,70.19,88.03,67.79,5.91,1.1,2,81.15,82.19,1,86.61,High
STU1020,81.36,25.1,84.46,8.38,5.85,0,45.25,57.36,0,80.57,Low
STU1021,82.84,74.05,73.74,6.47,4.5,0,69.73,68.32,0,73.77,Medium
STU1022,66.39,20.12,75.99,7.08,0.58,2,72.25,61.21,1,77.76,High
STU1023,74.63,47.62,100.0,6.11,4.87,0,57.82,64.99,0,68.6,Medium
STU1024,100.0,94.32,65.87,5.38,5.16,2,94.98,92.53,0,71.04,Medium
STU1025,100.0,54.53,65.23,4.36,3.72,1,83.27,75.29,3,69.42,High
STU1026,81.54,43.87,71.75,5.32,6.38,1,60.27,43.01,1,65.0,High
STU1027,75.57,61.44,86.07,6.35,3.89,0,66.2,58.3,0,80.07,Medium
STU1028,76.8,100.0,47.4,7.1,0.95,0,83.2,57.57,1,72.23,Medium
STU1029,84.2,32.03,40.52,8.21,4.16,0,69.36,68.89,0,47.39,Low
STU1030,59.66,46.08,61.19,6.18,3.94,0,91.83,81.36,0,75.58,Medium
STU1031,71.14,91.95,45.49,5.57,2.41,0,77.63,65.57,2,69.94,Medium
STU1032,49.97,98.44,63.63,4.78,4.53,0,72.3,65.04,0,77.23,Medium
STU1033,80.99,63.14,77.54,7.47,0.5,1,72.15,24.83,2,62.92,High
STU1034,84.71,42.7,56.64,8.74,5.28,2,100.0,88.83,0,81.23,Medium
STU1035,67.75,100.0,48.6,8.57,1.92,0,50.69,61.98,0,63.77,Medium
STU1036,98.61,93.7,71.04,7.79,1.73,0,49.39,69.66,0,79.48,Low
STU1037,56.61,77.22,82.94,7.69,3.3,2,63.9,69.61,0,55.87,High
STU1038,53.03,50.38,44.58,9.18,4.28,2,91.88,51.15,0,57.25,Medium
STU1039,78.37,64.12,82.3,7.26,3.8,4,26.11,60.61,1,77.04,High
STU1040,90.71,62.11,82.26,7.7,2.16,1,35.63,51.01,1,58.36,Medium
STU1041,100.0,70.96,84.31,6.35,2.59,3,61.2,89.9,0,100.0,Medium
STU1042,68.12,91.12,88.28,4.89,1.46,0,100.0,24.97,1,76.33,High
STU1043,91.18,80.83,100.0,5.84,3.1,0,68.43,47.84,0,65.5,Medium
STU1044,74.42,45.61,64.66,6.79,5.44,2,48.24,59.2,0,81.4,Medium
STU1045,72.41,89.78,71.64,6.89,3.49,1,81.97,91.95,3,55.39,High
STU1046,88.25,70.64,63.75,9.5,5.05,0,96.25,77.74,0,83.46,Low
STU1047,84.78,77.37,70.03,6.91,6.12,1,57.14,35.52,2,82.9,Medium
STU1048,51.35,91.4,92.99,8.45,2.44,3,75.72,62.92,1,90.07,High
STU1049,97.15,44.99,49.82,6.19,3.16,2,70.66,77.98,0,56.18,Medium
STU1050,95.7,64.36,57.08,6.36,7.41,1,77.73,100.0,2,40.55,High
STU1051,65.62,55.43,90.66,4.94,6.1,0,60.2,58.88,2,52.8,High
STU1052,80.94,36.78,85.3,5.76,0.5,2,78.69,43.68,0,59.37,High
STU1053,82.41,71.24,64.55,7.54,4.2,0,82.25,70.8,0,98.34,Low
STU1054,78.91,100.0,82.82,6.81,3.5,1,80.14,64.22,3,100.0,Medium
STU1055,66.75,31.88,75.12,8.12,4.99,0,40.42,73.34,1,71.89,Medium
STU1056,64.93,64.42,92.5,7.05,2.16,0,43.62,77.43,0,65.19,Medium
STU1057,74.62,76.53,71.12,6.31,1.99,1,56.28,70.76,1,58.0,High
STU1058,92.59,67.22,85.38,9.81,2.28,1,72.55,74.51,2,81.49,Medium
STU1059,83.15,62.96,100.0,6.67,2.47,0,77.51,94.44,1,100.0,Medium
STU1060,69.44,41.61,78.97,8.43,4.97,0,50.08,59.76,0,100.0,Medium
STU1061,86.58,69.19,70.74,6.24,1.37,1,73.51,42.96,0,87.76,Medium
STU1062,35.0,51.38,80.84,7.79,2.38,1,84.08,70.65,1,87.47,Medium
STU1063,92.23,25.58,64.52,8.1,0.5,0,79.36,41.94,0,81.65,Medium
STU1064,48.9,86.5,100.0,7.09,5.31,0,60.18,44.81,0,64.05,Medium
STU1065,69.56,82.25,72.7,3.5,5.79,0,61.74,50.2,0,50.27,Medium
STU1066,58.2,65.93,65.91,6.83,2.91,2,45.94,42.49,1,64.58,High
STU1067,55.58,69.12,57.46,8.52,2.96,0,97.59,86.03,1,73.45,Medium
STU1068,92.41,84.34,86.46,7.54,4.32,0,76.06,65.88,1,35.93,Low
STU1069,67.98,69.04,83.01,7.42,6.15,1,40.59,77.72,1,61.94,Medium
STU1070,80.2,81.27,62.54,4.39,4.24,1,88.85,74.18,2,48.48,High
STU1071,74.3,59.65,78.65,5.79,2.24,1,79.2,61.22,1,85.28,High
STU1072,82.16,88.62,47.37,7.38,0.59,3,88.3,82.29,1,54.01,High
STU1073,76.15,70.77,72.77,7.37,1.49,1,58.5,56.31,3,71.56,High
STU1074,55.76,68.49,76.79,8.5,3.63,1,60.88,61.98,0,51.0,Medium
STU1075,89.94,42.14,95.61,6.6,2.32,1,54.19,52.26,0,96.95,Medium
STU1076,67.59,70.17,58.44,7.37,3.85,3,100.0,90.21,0,30.98,Medium
STU1077,51.65,50.02,50.82,6.82,2.5,1,59.48,63.07,0,74.52,High
STU1078,68.58,53.51,56.57,5.42,1.6,2,51.76,75.76,0,39.45,High
STU1079,97.51,50.32,49.95,3.64,1.38,0,57.0,54.53,2,54.81,High
STU1080,87.75,45.81,90.05,7.4,6.31,2,62.47,80.25,0,69.12,Medium
STU1081,69.77,100.0,93.23,7.04,5.1,0,94.45,78.91,2,70.11,Medium
STU1082,69.76,88.96,74.8,5.93,6.61,2,72.71,35.74,0,69.59,Medium
STU1083,70.18,99.57,88.32,4.53,4.47,2,88.97,65.07,0,68.03,High
STU1084,100.0,42.99,72.01,7.68,2.73,2,72.85,67.1,1,52.16,Medium
STU1085,80.73,66.28,68.57,6.43,5.88,0,64.94,59.61,1,61.72,Medium
STU1086,81.45,41.72,65.0,7.58,3.44,1,50.28,89.92,0,65.63,Medium
STU1087,90.45,52.48,65.34,9.41,3.9,2,95.1,43.09,1,68.91,Medium
STU1088,78.58,48.47,46.78,3.8,3.42,0,84.85,56.93,0,63.69,High
STU1089,71.11,87.31,73.96,5.82,0.5,2,86.39,49.71,0,79.59,High
STU1090,72.05,57.87,69.39,6.51,6.39,2,83.73,83.54,1,66.87,Medium
STU1091,73.93,84.23,81.18,8.84,4.38,0,55.93,46.48,1,69.03,Medium
STU1092,74.44,75.87,71.4,4.51,4.09,2,72.51,32.01,2,57.35,High
STU1093,85.91,100.0,67.56,9.51,3.39,0,86.48,72.76,0,43.95,Low
STU1094,75.78,38.37,56.93,6.99,3.79,2,84.05,62.49,0,68.08,High
STU1095,85.99,87.67,71.08,6.67,2.42,2,70.66,83.73,1,89.15,Medium
STU1096,73.79,85.64,81.07,6.52,4.61,0,100.0,79.62,0,73.88,Low
STU1097,76.18,47.48,52.85,6.19,1.15,2,77.06,64.24,0,48.65,High
STU1098,45.03,83.13,71.31,8.27,3.83,0,90.47,39.02,0,81.29,Medium
STU1099,88.74,71.05,73.5,5.3,4.51,1,71.4,43.43,0,58.3,Medium
STU1100,80.2,60.91,59.23,7.28,3.14,0,61.68,33.08,2,79.29,High
STU1101,89.97,50.17,61.18,6.26,4.17,0,84.48,62.51,1,57.62,Medium
STU1102,35.0,52.06,73.46,5.73,1.72,2,80.47,53.14,1,72.07,High
STU1103,100.0,100.0,53.0,10.0,1.76,1,73.89,61.75,1,54.63,Low
STU1104,72.91,65.01,75.25,7.39,3.93,2,53.62,68.12,1,55.14,High
STU1105,91.62,79.08,56.57,7.66,4.72,0,85.19,99.17,0,33.67,Low
STU1106,59.4,50.76,85.94,8.39,0.5,1,54.51,75.46,0,75.24,Medium
STU1107,84.19,50.96,100.0,4.81,4.44,1,81.22,66.28,1,72.4,High
STU1108,59.2,84.48,57.09,9.25,2.52,3,49.35,36.83,1,73.53,High
STU1109,65.64,40.71,78.01,3.29,3.15,3,53.6,65.47,1,70.51,High
STU1110,100.0,57.53,59.1,5.72,1.09,0,72.97,80.87,1,49.75,Medium
STU1111,72.14,65.61,85.61,6.16,1.97,3,77.84,72.04,0,84.32,High
STU1112,78.26,67.0,51.02,7.61,5.24,1,71.68,46.14,0,84.86,Medium
STU1113,88.05,61.78,77.21,7.11,3.56,1,59.04,58.22,1,49.24,Medium
STU1114,82.44,72.12,56.91,6.57,2.81,0,86.92,66.32,3,75.64,Medium
STU1115,77.26,77.47,66.9,6.78,3.29,0,70.36,57.65,1,82.5,Medium
STU1116,80.47,78.22,54.53,5.43,4.38,1,71.29,53.89,1,55.6,Medium
STU1117,100.0,47.26,82.34,4.7,4.29,0,65.32,26.35,0,59.08,Medium
STU1118,74.14,59.89,57.45,7.82,3.36,1,55.71,51.17,0,75.68,Medium
STU1119,78.02,86.51,78.28,7.77,5.47,2,87.15,69.52,1,34.79,Medium
STU1120,90.76,81.1,64.84,9.02,5.25,3,57.07,80.75,1,43.23,Medium
STU1121,91.58,40.29,68.28,5.69,4.24,1,96.86,66.37,1,45.2,High
STU1122,92.81,71.33,72.22,7.77,3.6,4,53.98,84.07,0,29.07,High
STU1123,84.58,29.39,58.57,6.4,4.68,0,73.49,63.59,0,86.7,Medium
STU1124,57.85,65.84,73.16,8.47,4.07,0,69.18,49.2,0,25.24,Medium
STU1125,99.5,99.16,92.96,8.23,5.41,2,66.09,56.47,0,71.86,Low
STU1126,57.8,47.94,58.33,7.1,5.12,2,79.59,73.98,1,81.23,Medium
STU1127,79.54,49.98,87.58,6.32,1.67,2,81.43,60.17,1,59.13,High
STU1128,63.69,78.75,92.47,8.15,1.55,1,77.11,53.44,0,51.63,Medium
STU1129,74.04,37.23,57.76,7.71,2.24,1,49.91,36.96,1,69.66,High
STU1130,79.93,53.61,48.17,5.84,5.26,1,48.09,48.92,2,65.04,High
STU1131,79.82,75.74,74.53,4.94,0.66,1,47.07,57.85,1,85.07,High
STU1132,81.33,53.58,61.79,6.4,4.21,0,63.85,54.54,2,12.43,High
STU1133,99.21,60.75,98.03,8.92,4.15,3,100.0,47.46,0,46.63,Medium
STU1134,81.8,78.4,70.52,8.41,5.59,0,67.16,93.03,0,76.23,Low
STU1135,71.34,72.59,57.97,5.24,3.82,0,100.0,75.81,2,66.01,Medium
STU1136,89.46,69.8,52.79,5.17,1.08,2,67.43,100.0,0,80.04,High
STU1137,92.84,58.9,86.35,8.58,1.77,2,70.72,36.11,2,70.24,Medium
STU1138,56.59,71.66,61.43,5.21,1.37,4,78.13,70.64,1,62.31,High
STU1139,83.96,62.77,70.66,7.51,2.53,4,63.05,57.18,0,58.95,High
STU1140,85.52,73.24,84.34,5.94,3.17,2,71.86,65.35,0,100.0,High
STU1141,70.54,56.06,62.74,9.06,1.4,1,39.05,98.31,1,95.7,Medium
STU1142,95.64,61.71,69.31,5.72,6.15,1,52.89,33.69,1,74.91,Medium
STU1143,72.75,47.18,69.75,8.4,1.11,0,39.41,54.69,0,66.57,Medium
STU1144,76.88,64.37,80.25,7.06,5.92,2,80.33,51.53,1,75.76,Medium
STU1145,72.4,50.4,78.86,7.15,5.63,2,44.82,54.74,1,81.54,High
STU1146,75.23,44.95,66.7,4.04,5.12,1,92.0,27.01,2,73.38,High
STU1147,58.56,69.66,70.95,3.72,2.25,2,74.05,88.14,2,49.97,High
STU1148,53.4,68.83,64.42,6.49,4.12,0,84.31,88.85,1,100.0,Medium
STU1149,98.92,79.09,47.84,7.15,1.2,1,57.01,75.47,0,69.92,Medium
STU1150,62.3,57.24,73.86,5.22,5.14,1,48.9,40.91,1,100.0,High
STU1151,60.13,72.34,98.38,5.28,3.37,1,62.09,70.0,0,68.74,High
STU1152,42.7,74.91,56.74,7.59,2.76,0,86.09,80.59,2,60.09,High
STU1153,65.42,73.01,58.4,7.59,1.3,1,100.0,71.99,1,92.68,Medium
STU1154,55.15,50.14,56.94,6.61,0.5,2,76.64,64.11,1,71.02,High
STU1155,99.63,67.69,80.87,7.89,1.63,1,45.63,90.39,1,67.67,Medium
STU1156,90.15,71.55,76.73,5.16,5.5,0,51.48,52.24,2,40.99,Medium
STU1157,64.68,65.13,67.62,6.3,2.77,2,42.7,61.96,1,78.2,High
STU1158,100.0,27.44,56.23,9.11,3.2,0,65.8,76.26,2,55.13,Medium
STU1159,89.73,67.89,71.39,6.9,4.68,2,63.29,70.72,1,56.04,Medium
STU1160,70.13,100.0,46.53,6.98,6.75,2,65.68,75.08,0,55.19,Medium
STU1161,37.51,58.52,72.15,10.0,5.89,0,49.75,74.6,1,73.78,Medium
STU1162,100.0,51.89,83.07,4.84,1.75,1,48.05,74.45,0,34.29,High
STU1163,54.16,71.72,51.23,7.92,0.5,2,69.6,58.43,0,60.78,High
STU1164,50.32,70.62,47.01,9.13,7.75,2,76.23,52.44,1,84.61,Medium
STU1165,90.34,86.47,93.69,6.35,7.58,1,47.86,67.47,3,40.09,Medium
STU1166,100.0,42.36,60.82,8.0,3.84,2,76.05,92.2,0,68.46,Medium
STU1167,95.76,78.16,87.04,5.43,1.21,4,84.1,64.55,2,52.37,High
STU1168,83.46,75.63,67.69,5.84,5.23,0,28.38,75.79,0,56.93,Medium
STU1169,83.92,62.44,67.57,7.34,3.31,1,94.79,67.02,0,98.1,Medium
STU1170,87.8,71.1,76.58,7.92,3.3,2,79.94,100.0,1,31.99,Medium
STU1171,86.38,83.53,56.74,8.37,5.11,2,84.25,62.52,0,80.31,Medium
STU1172,79.22,80.7,71.99,9.0,4.1,2,50.65,75.85,0,55.44,Medium
STU1173,76.56,44.43,64.28,6.71,1.37,0,81.38,52.06,1,54.45,High
STU1174,74.06,79.76,50.19,8.47,2.92,0,83.34,44.83,2,42.77,Medium
STU1175,63.69,63.84,75.06,6.32,4.69,1,56.92,64.88,2,80.08,High
STU1176,70.79,66.31,66.05,8.06,4.42,1,81.26,86.26,0,61.17,Medium
STU1177,49.61,66.32,67.64,7.09,3.97,2,65.65,76.4,0,58.65,High
STU1178,73.52,62.3,51.85,7.42,5.18,1,57.5,27.44,1,67.2,Medium
STU1179,60.17,86.45,93.87,7.39,2.85,1,64.66,78.19,1,61.59,Medium
STU1180,58.45,63.49,83.15,4.55,3.82,4,70.86,37.44,2,24.99,High
STU1181,77.7,44.85,84.46,5.23,0.5,1,62.86,80.12,0,55.18,High
STU1182,95.88,57.92,65.42,6.94,2.69,0,54.54,74.8,1,82.91,Medium
STU1183,88.77,68.22,44.06,4.44,4.88,1,74.68,62.3,0,34.87,Medium
STU1184,51.44,87.13,99.29,7.96,2.8,1,77.52,78.09,0,43.2,Medium
STU1185,60.16,75.86,69.08,8.02,2.66,1,70.48,60.25,1,56.46,Medium
STU1186,89.11,49.69,58.77,7.26,1.63,1,40.5,67.69,1,50.49,Medium
STU1187,60.26,100.0,76.25,5.23,5.31,0,58.06,39.11,2,64.44,High
STU1188,71.63,69.77,87.51,8.73,4.49,2,53.65,60.39,2,43.14,High
STU1189,83.25,87.96,69.65,9.65,4.99,0,97.43,81.63,0,57.24,Low
STU1190,60.47,62.27,89.18,7.01,0.5,1,70.0,41.04,0,64.04,Medium
STU1191,76.58,74.6,86.24,7.51,3.21,2,63.24,79.74,0,77.98,Medium
STU1192,54.99,80.11,53.85,7.08,3.0,1,58.5,28.66,1,89.9,Medium
STU1193,65.98,86.93,59.89,7.54,2.99,3,65.88,43.59,1,59.77,High
STU1194,79.8,84.03,84.36,6.63,2.39,1,80.78,59.33,1,100.0,Medium
STU1195,51.11,80.7,29.31,6.75,2.88,2,36.89,67.76,0,61.32,High
STU1196,81.61,59.33,67.76,8.07,5.03,1,71.91,54.69,2,81.58,Medium
STU1197,74.71,54.71,48.54,10.0,0.5,3,59.42,54.2,1,100.0,High
STU1198,83.29,70.99,62.85,4.84,6.7,2,75.32,84.93,0,67.79,Medium
STU1199,78.36,81.8,65.52,6.65,4.37,3,81.58,86.4,2,37.53,High
STU1200,95.46,60.99,64.63,5.15,3.42,1,56.18,57.36,0,66.82,High
STU1201,76.88,84.17,61.72,9.03,5.13,1,44.72,57.91,1,52.77,Medium
STU1202,68.56,91.15,53.54,5.98,0.89,4,62.83,59.83,1,59.51,High
STU1203,76.83,48.51,100.0,4.78,2.3,0,89.88,100.0,3,100.0,High
STU1204,83.15,49.94,98.01,7.69,3.28,1,82.21,65.31,1,40.54,Medium
STU1205,75.73,62.47,52.57,9.24,5.96,1,61.58,93.28,1,71.01,Medium
STU1206,75.61,70.54,93.73,7.73,3.42,2,57.21,78.18,0,47.45,Medium
STU1207,64.47,55.56,64.01,7.09,4.31,0,58.49,63.11,0,58.85,Medium
STU1208,65.06,89.34,71.94,7.37,2.44,1,45.94,53.35,0,79.9,Medium
STU1209,53.96,72.63,69.05,8.78,4.38,1,81.34,79.03,2,71.36,Medium
STU1210,100.0,65.71,60.1,5.58,6.52,2,84.45,50.85,1,60.5,High
STU1211,56.34,39.15,84.76,6.64,5.29,3,61.42,58.04,0,52.0,High
STU1212,64.61,41.32,71.89,6.17,3.35,0,59.49,76.86,0,71.32,Medium
STU1213,64.22,70.06,62.85,5.16,4.72,0,56.13,60.67,2,99.15,High
STU1214,88.42,26.61,50.43,6.34,4.54,1,60.34,57.89,1,46.97,Medium
STU1215,70.58,83.23,56.6,8.35,4.41,2,55.5,59.46,0,100.0,Medium
STU1216,93.72,62.15,45.38,7.59,5.5,0,65.36,52.64,0,88.99,Medium
STU1217,64.9,100.0,70.18,7.7,5.49,1,81.37,73.09,0,92.39,Low
STU1218,79.18,100.0,52.05,7.01,3.27,1,79.62,65.65,2,71.17,Medium
STU1219,62.47,61.73,66.02,7.53,4.66,0,53.74,40.59,0,88.42,Medium
STU1220,100.0,63.09,90.55,5.68,2.81,1,70.58,56.23,0,44.82,Medium
STU1221,57.19,82.92,87.99,6.37,1.84,2,78.98,58.39,0,51.64,High
STU1222,79.65,95.66,69.52,7.07,3.01,3,52.02,58.27,1,80.32,Medium
STU1223,84.51,35.52,68.69,7.19,3.36,1,70.4,75.78,1,70.92,High
STU1224,81.21,32.85,98.2,7.25,0.51,2,88.63,52.36,0,62.03,High
STU1225,72.22,53.8,77.81,6.61,5.05,2,63.84,100.0,1,14.95,Medium
STU1226,73.05,75.49,65.08,6.27,0.5,2,33.7,89.94,0,56.29,High
STU1227,75.66,73.94,48.61,10.0,8.39,3,25.21,89.85,0,41.52,Medium
STU1228,72.79,84.26,75.91,8.07,6.2,0,73.28,46.39,0,74.87,Low
STU1229,89.46,43.41,82.44,7.38,3.03,3,69.81,28.45,0,61.18,Medium
STU1230,100.0,23.31,60.53,6.47,3.52,2,71.19,58.9,0,52.43,High
STU1231,66.64,80.44,74.37,6.17,4.05,2,76.32,70.28,2,100.0,High
STU1232,54.45,50.09,64.55,6.62,2.44,4,42.85,62.08,0,85.76,High
STU1233,73.68,28.67,67.24,7.21,3.85,2,54.28,55.46,1,86.12,High
STU1234,100.0,67.61,32.68,4.17,3.24,0,75.19,33.66,0,100.0,High
STU1235,62.94,79.28,66.67,4.6,3.33,1,80.51,52.9,0,81.04,High
STU1236,99.59,62.8,84.54,5.91,3.83,1,63.63,60.62,0,49.58,Medium
STU1237,100.0,56.76,60.53,7.09,1.14,0,43.65,56.08,0,47.24,Medium
STU1238,66.7,62.13,70.79,6.47,3.57,5,73.78,55.98,0,84.3,High
STU1239,83.53,58.33,58.66,8.87,3.79,2,68.87,50.63,0,23.81,Medium
STU1240,99.43,40.74,75.41,4.72,3.73,2,50.01,94.79,0,63.44,High
STU1241,69.31,52.14,66.75,5.75,3.11,0,34.28,77.75,0,21.58,High
STU1242,71.95,74.38,55.91,8.93,5.55,5,77.71,82.21,0,66.98,Medium
STU1243,66.27,70.79,89.99,6.98,2.86,3,57.5,69.91,0,82.08,High
STU1244,59.78,68.03,83.93,8.04,3.91,4,71.17,40.97,0,70.59,High
STU1245,65.26,47.09,60.93,9.67,5.84,0,70.54,78.29,0,83.76,Low
STU1246,56.64,61.73,77.47,5.83,3.36,2,48.5,89.27,0,100.0,High
STU1247,75.51,25.81,78.06,6.66,3.89,0,75.1,91.89,0,62.13,Medium
STU1248,63.45,68.21,79.63,6.42,3.33,0,53.38,76.23,1,100.0,Medium
STU1249,78.51,90.72,44.59,4.06,5.73,1,42.58,65.02,0,69.25,Medium
STU1250,51.66,38.47,85.1,6.37,3.04,1,40.4,64.97,0,83.98,High
STU1251,79.96,54.45,61.45,8.03,5.81,2,67.94,74.34,0,52.78,Medium
STU1252,87.5,70.92,64.63,7.56,3.31,1,95.1,35.46,0,97.39,Medium
STU1253,45.09,87.55,100.0,7.67,1.95,2,68.7,76.49,2,85.83,High
STU1254,80.61,56.93,74.53,6.27,4.72,0,98.31,56.26,1,94.43,Medium
STU1255,93.42,52.54,64.21,5.88,2.95,1,92.63,100.0,0,66.09,Medium
STU1256,56.86,29.56,36.92,8.58,4.62,1,76.78,59.59,1,39.89,High
STU1257,100.0,66.86,90.85,6.1,0.5,1,94.77,68.5,0,74.21,Medium
STU1258,81.29,100.0,49.82,7.21,3.51,1,92.84,67.6,1,31.06,Medium
STU1259,64.42,69.99,54.95,7.03,2.67,3,88.04,52.54,3,58.28,High
STU1260,74.16,64.6,65.03,8.85,1.59,3,35.97,73.23,0,68.82,Medium
STU1261,83.37,70.8,91.25,8.16,2.5,2,63.98,71.16,2,100.0,Medium
STU1262,76.14,64.8,81.6,4.99,2.47,0,56.21,83.41,1,71.37,Medium
STU1263,83.08,50.37,67.63,5.14,3.41,5,87.91,77.97,0,67.79,High
STU1264,61.19,79.82,74.62,7.61,1.04,0,62.78,68.37,0,63.74,Medium
STU1265,77.54,69.06,60.99,6.71,4.07,0,97.79,50.26,0,38.16,Medium
STU1266,53.79,65.32,72.09,6.16,5.96,0,69.73,50.79,1,66.72,Medium
STU1267,73.33,47.44,71.1,8.22,4.01,0,67.52,94.83,1,67.06,Medium
STU1268,61.44,88.46,84.53,7.06,4.96,3,61.56,66.57,0,45.63,Medium
STU1269,63.97,76.96,84.51,6.87,5.47,3,64.86,100.0,1,41.27,High
STU1270,93.54,55.05,77.41,7.89,5.73,0,72.57,50.27,1,55.37,Medium
STU1271,91.37,83.03,64.56,6.27,6.87,2,66.88,100.0,0,66.3,Medium
STU1272,84.14,56.04,81.13,9.0,2.6,1,60.1,48.02,2,55.85,Medium
STU1273,58.62,50.92,68.62,5.7,2.21,1,61.1,57.11,2,43.98,High
STU1274,70.25,51.33,53.77,7.72,4.91,1,98.96,72.96,1,70.79,Medium
STU1275,93.2,33.12,63.95,8.81,4.77,1,100.0,82.96,0,75.78,Medium
STU1276,77.13,73.49,71.27,4.87,4.9,1,60.0,77.21,0,67.43,Medium
STU1277,100.0,32.04,83.65,6.32,6.9,1,82.43,30.56,0,53.74,Medium
STU1278,80.9,42.89,67.25,8.4,3.52,0,53.93,54.7,0,76.9,Medium
STU1279,77.88,27.64,51.86,8.42,4.27,1,62.44,44.38,0,61.19,Medium
STU1280,70.36,63.45,70.85,6.56,1.74,0,49.51,40.14,0,41.22,Medium
STU1281,77.0,62.29,71.7,5.77,7.34,0,85.34,64.71,1,85.72,Medium
STU1282,72.71,59.12,72.79,8.14,2.89,2,76.24,26.99,1,72.07,High
STU1283,85.62,46.23,83.8,8.46,2.95,0,79.48,83.0,1,62.61,Medium
STU1284,89.35,43.9,85.28,5.17,2.88,1,83.1,78.41,1,33.58,High
STU1285,63.21,73.36,61.09,5.11,2.34,3,53.22,94.15,1,50.1,High
STU1286,55.03,55.09,60.76,7.12,2.19,3,62.48,45.8,3,100.0,High
STU1287,47.46,70.69,54.4,7.68,2.56,2,75.57,47.57,0,34.83,High
STU1288,82.62,49.07,80.48,6.38,1.04,1,62.13,83.94,1,59.97,Medium
STU1289,58.45,68.26,91.73,7.75,2.09,3,69.18,85.3,1,64.67,High
STU1290,42.71,88.46,65.27,5.81,7.01,0,54.4,89.28,3,71.41,High
STU1291,80.83,75.55,66.38,3.84,4.82,0,90.61,85.77,0,35.06,Medium
STU1292,100.0,57.58,92.0,6.21,5.17,3,83.96,68.94,2,68.48,High
STU1293,74.91,69.63,77.58,6.89,5.62,3,89.03,56.72,0,31.28,High
STU1294,87.58,60.67,76.54,6.41,6.8,3,79.21,78.23,1,66.95,High
STU1295,76.23,65.14,52.14,5.18,0.5,5,49.4,57.05,3,51.95,High
STU1296,73.52,59.14,80.18,4.26,1.29,2,59.85,66.9,0,47.68,High
STU1297,88.79,62.04,56.06,6.08,2.05,0,56.07,58.13,0,81.7,Medium
STU1298,70.65,68.82,52.99,8.06,2.65,2,63.63,69.8,1,60.29,High
STU1299,79.01,47.12,64.8,8.56,2.96,0,85.98,87.36,0,74.47,Low
STU1300,79.83,46.71,61.21,8.46,2.7,3,42.96,58.71,0,75.14,High
STU1301,64.98,40.01,66.68,5.66,3.89,0,58.08,55.98,0,90.4,High
STU1302,89.88,36.2,48.39,5.18,3.56,1,61.29,63.09,2,40.83,High
STU1303,72.38,43.09,84.38,7.5,2.2,0,45.66,43.78,0,83.38,Medium
STU1304,63.66,67.87,86.92,7.69,0.5,0,71.48,76.95,1,65.33,Medium
STU1305,83.05,48.93,40.79,7.36,1.71,0,62.19,67.1,1,57.44,Medium
STU1306,61.52,74.25,84.68,3.98,2.51,0,86.9,64.36,0,42.01,Medium
STU1307,75.42,65.62,57.84,5.59,3.06,1,63.32,70.92,0,77.13,High
STU1308,74.86,29.57,82.85,6.76,1.47,2,75.8,38.47,1,46.56,High
STU1309,91.29,76.79,68.97,7.48,2.62,4,69.95,90.21,0,75.36,High
STU1310,82.12,79.59,70.43,7.87,1.46,2,25.81,55.65,0,100.0,Medium
STU1311,74.62,47.11,67.22,7.0,3.27,3,43.6,58.25,1,84.6,High
STU1312,87.27,72.56,88.18,7.26,1.57,2,74.52,80.57,0,92.83,Medium
STU1313,95.85,49.58,51.41,6.92,1.97,4,73.75,76.0,0,50.62,High
STU1314,83.37,66.76,79.12,7.76,1.14,4,66.83,100.0,1,80.25,High
STU1315,75.16,42.24,86.52,7.24,3.22,1,90.61,47.63,1,42.12,High
STU1316,55.32,32.72,80.75,6.89,1.94,0,76.67,48.12,0,60.33,Medium
STU1317,59.02,58.11,100.0,6.42,5.13,1,94.7,43.47,0,99.83,Medium
STU1318,70.42,62.77,62.07,6.91,4.23,1,26.19,67.4,1,52.84,High
STU1319,65.86,57.84,84.36,7.48,3.37,2,97.48,60.13,1,87.23,High
STU1320,72.2,43.69,68.41,7.17,2.06,0,57.68,52.48,0,85.31,Medium
STU1321,75.85,57.8,88.5,7.33,4.18,1,68.42,63.82,2,86.49,Medium
STU1322,82.95,69.85,69.88,8.68,4.74,0,88.18,46.42,1,39.66,Medium
STU1323,73.94,64.19,64.18,7.17,3.76,1,32.05,92.83,0,75.5,Medium
STU1324,82.3,68.29,89.59,5.89,6.39,0,63.69,52.41,0,61.87,Medium
STU1325,75.97,52.94,62.63,8.04,4.33,1,85.15,54.72,0,86.77,Medium
STU1326,45.37,86.09,48.81,4.89,5.14,1,57.51,22.04,0,31.9,High
STU1327,60.91,43.83,62.25,5.29,3.74,1,83.53,35.38,1,72.36,High
STU1328,72.84,73.78,79.29,7.27,4.72,0,79.5,54.42,0,69.53,Medium
STU1329,56.85,86.27,90.88,7.52,2.07,2,70.88,59.5,0,25.2,Medium
STU1330,84.0,73.66,71.67,5.06,2.67,1,78.18,77.95,2,47.29,High
STU1331,97.96,61.35,89.77,6.26,4.13,0,90.01,38.08,0,28.4,Medium
STU1332,93.28,55.49,49.63,5.95,4.12,0,78.24,73.14,0,50.47,High
STU1333,71.8,83.65,63.35,6.12,4.41,1,83.8,76.24,1,75.98,Medium
STU1334,97.36,39.39,65.67,8.12,5.48,1,53.02,77.19,1,68.91,Medium
STU1335,77.23,47.54,68.28,7.79,0.94,1,77.89,83.64,1,68.39,Medium
STU1336,69.94,57.84,71.26,6.77,1.75,2,76.32,44.09,1,44.21,High
STU1337,65.8,87.28,80.36,6.04,3.91,1,87.11,74.74,1,87.41,Medium
STU1338,70.46,71.84,63.33,4.91,2.2,1,48.31,96.77,0,64.62,High
STU1339,69.18,47.58,72.09,8.79,9.58,0,86.25,90.2,3,65.67,Medium
STU1340,77.56,59.41,69.32,7.63,4.43,2,53.05,99.06,1,83.81,High
STU1341,77.41,53.94,56.11,5.81,3.36,0,100.0,69.34,0,45.17,Medium
STU1342,75.05,52.22,68.29,7.81,2.57,1,52.9,54.35,1,69.57,Medium
STU1343,81.55,82.62,67.85,6.7,2.64,2,48.16,20.0,1,73.47,High
STU1344,92.86,40.31,67.52,6.4,3.55,0,63.06,42.63,0,54.09,Medium
STU1345,89.24,93.96,70.48,7.41,3.7,2,85.82,55.54,2,78.05,Medium
STU1346,52.73,79.91,71.14,5.76,2.68,1,74.04,58.79,0,74.54,High
STU1347,36.69,84.64,63.52,6.32,3.01,1,96.55,50.75,1,62.98,High
STU1348,89.01,56.67,89.09,6.97,5.92,3,62.89,71.11,0,62.36,Medium
STU1349,54.5,62.3,52.46,6.1,5.99,1,59.67,68.51,1,75.47,Medium
STU1350,71.63,39.2,59.19,7.74,3.95,2,55.51,65.74,3,80.77,High
STU1351,57.45,55.56,100.0,9.42,1.09,0,59.05,79.14,1,66.26,Medium
STU1352,47.97,73.89,54.43,5.74,4.47,1,44.25,56.55,0,87.4,High
STU1353,83.12,88.33,49.69,4.47,6.3,0,56.97,84.73,0,78.17,Medium
STU1354,86.39,45.07,81.02,4.0,5.97,1,47.42,43.33,0,29.23,High
STU1355,66.35,58.42,38.84,6.59,4.82,1,80.22,59.54,0,36.9,High
STU1356,36.13,62.28,66.47,5.87,6.06,1,93.16,70.73,1,88.64,Medium
STU1357,66.81,39.88,100.0,7.09,3.6,3,71.77,30.46,0,60.06,High
STU1358,80.88,75.64,46.83,6.99,4.63,3,56.54,55.93,1,68.28,High
STU1359,52.82,51.97,40.27,4.56,2.27,2,80.65,77.81,1,87.79,High
STU1360,77.75,61.48,47.51,4.26,4.03,2,67.33,57.31,1,64.87,High
STU1361,74.77,56.86,83.48,7.21,5.89,1,85.25,32.19,3,65.75,High
STU1362,83.69,50.79,86.87,6.99,2.44,2,51.93,49.03,2,47.63,High
STU1363,76.79,64.87,62.31,6.2,1.95,1,53.11,40.79,1,72.4,High
STU1364,60.4,61.12,80.25,4.48,3.68,2,80.34,73.93,1,76.73,High
STU1365,92.95,58.31,90.85,7.46,3.09,3,67.66,67.11,1,53.44,High
STU1366,72.62,51.89,96.81,8.58,4.67,2,83.76,36.89,1,46.56,Medium
STU1367,74.59,70.75,66.3,7.19,2.68,1,53.41,35.52,0,100.0,Medium
STU1368,61.0,94.77,35.48,5.61,6.59,1,75.37,51.95,0,63.14,Medium
STU1369,68.35,67.52,57.69,6.86,1.18,0,77.29,65.56,2,51.33,High
STU1370,61.73,82.93,63.6,4.89,5.76,0,41.87,52.91,0,79.13,Medium
STU1371,72.41,39.98,66.12,8.28,2.12,1,67.94,71.3,0,63.98,Medium
STU1372,100.0,67.84,67.18,6.91,0.5,1,33.72,70.68,1,43.28,High
STU1373,54.42,45.25,86.78,4.32,3.93,2,92.99,74.58,0,74.66,High
STU1374,50.8,38.42,89.12,6.38,3.04,3,45.6,39.56,1,47.94,High
STU1375,97.07,51.69,67.42,7.45,1.5,0,64.79,60.04,0,96.53,Medium
STU1376,71.86,86.45,86.48,6.33,0.5,2,67.92,84.36,0,74.89,High
STU1377,64.96,82.1,75.36,6.41,3.48,1,51.64,52.91,3,59.46,High
STU1378,90.6,69.37,70.97,5.09,5.26,2,99.44,50.36,1,67.19,Medium
STU1379,65.92,37.41,83.6,7.59,4.55,1,56.24,56.21,1,83.07,High
STU1380,100.0,61.47,71.08,5.89,3.6,1,63.41,55.76,1,68.72,Medium
STU1381,85.17,70.43,100.0,3.78,4.36,3,56.28,67.19,2,100.0,High
STU1382,67.68,68.16,48.42,6.28,3.45,0,56.13,54.53,3,87.72,High
STU1383,100.0,31.81,62.27,8.17,0.93,0,66.15,28.64,0,74.75,Medium
STU1384,65.91,48.97,68.1,6.26,0.94,2,79.95,86.34,2,46.26,High
STU1385,86.13,63.85,76.59,9.23,3.13,0,70.72,74.12,0,62.06,Low
STU1386,79.49,74.65,89.02,7.4,3.21,0,55.11,67.68,0,74.58,Medium
STU1387,94.53,25.47,69.63,7.27,5.03,0,67.89,63.3,0,48.54,Medium
STU1388,98.42,62.08,48.67,6.62,4.86,2,44.76,59.19,1,90.87,Medium
STU1389,75.48,67.57,82.64,6.7,4.59,1,88.12,50.6,0,45.52,Medium
STU1390,63.7,80.29,81.32,6.43,3.0,0,59.4,31.2,0,52.26,High
STU1391,81.9,77.47,40.87,6.38,1.01,2,60.31,94.29,0,53.75,High
STU1392,64.83,75.49,69.94,7.54,4.24,0,34.92,65.38,0,79.88,Medium
STU1393,100.0,50.6,46.15,5.49,4.45,0,59.39,36.0,0,48.9,Medium
STU1394,77.05,30.66,60.03,5.29,0.5,0,96.6,46.53,0,29.0,High
STU1395,69.52,57.93,56.46,5.23,2.0,0,78.4,70.48,1,86.76,Medium
STU1396,77.77,83.03,82.14,9.66,2.26,0,86.85,70.12,1,56.11,Medium
STU1397,54.79,90.08,71.75,7.54,3.71,1,69.98,51.54,0,43.63,Medium
STU1398,60.43,77.79,50.72,7.23,2.05,0,23.46,45.6,0,49.9,Medium
STU1399,93.01,72.73,83.2,5.32,3.43,3,69.18,54.7,0,99.34,High
STU1400,65.15,71.83,48.49,7.67,3.12,1,71.42,30.27,0,51.86,Medium
STU1401,59.3,54.99,74.95,6.64,3.21,1,83.23,56.44,0,62.53,Medium
STU1402,83.05,62.66,57.79,7.1,2.21,0,67.38,56.63,0,56.06,Medium
STU1403,92.79,95.04,64.51,5.43,2.35,3,54.88,92.48,1,40.35,High
STU1404,85.78,48.03,77.56,7.02,1.56,1,66.31,56.89,3,50.15,High
STU1405,89.94,94.07,77.82,6.21,4.18,3,62.18,69.55,1,38.98,Medium
STU1406,63.65,59.2,90.05,5.73,4.53,1,76.9,93.77,0,84.12,Medium
STU1407,53.67,88.86,68.77,7.83,2.11,0,66.35,45.79,0,67.02,Medium
STU1408,97.52,39.68,74.6,4.65,6.24,1,51.17,53.76,1,100.0,High
STU1409,70.16,75.55,63.43,7.59,2.93,0,77.64,55.29,1,50.82,Medium
STU1410,71.24,51.74,72.73,7.76,6.25,0,55.44,34.86,3,47.82,High
STU1411,94.92,39.53,76.59,5.57,2.34,1,62.63,60.29,2,95.68,High
STU1412,83.34,68.93,68.53,5.65,0.5,1,60.11,85.94,0,86.16,Medium
STU1413,81.84,83.17,42.94,6.49,4.22,0,72.03,80.22,1,72.7,Medium
STU1414,100.0,49.79,74.97,7.19,3.95,4,44.69,86.28,1,42.73,High
STU1415,65.35,38.02,75.47,6.59,3.56,0,68.55,53.59,1,99.9,High
STU1416,88.92,63.35,59.8,7.41,2.34,0,86.37,44.67,0,63.56,Medium
STU1417,75.86,63.43,50.73,9.27,3.44,4,69.63,100.0,0,56.39,High
STU1418,79.03,74.87,92.14,6.09,2.58,0,56.65,68.87,1,87.86,Medium
STU1419,97.93,82.09,77.37,4.4,2.96,0,61.78,35.98,2,64.55,High
STU1420,82.62,63.93,66.56,7.96,5.01,0,73.03,100.0,0,41.69,Medium
STU1421,83.07,98.4,52.94,9.16,3.83,0,77.53,63.38,0,65.81,Low
STU1422,91.09,69.04,57.67,7.35,4.6,1,93.57,20.0,0,49.37,Medium
STU1423,69.53,58.76,89.54,5.28,3.08,0,40.36,91.18,0,10.0,High
STU1424,62.41,35.99,72.06,6.63,2.88,1,72.48,23.41,2,47.37,High
STU1425,59.33,60.27,61.74,5.23,1.42,1,71.15,70.19,2,54.45,High
STU1426,45.5,58.95,77.65,7.7,2.83,2,66.87,80.16,2,41.89,High
STU1427,100.0,82.29,57.78,4.91,0.5,0,74.04,77.27,2,76.5,Medium
STU1428,58.45,73.32,92.51,6.38,2.44,3,64.1,93.01,0,49.45,High
STU1429,71.68,43.77,90.29,5.39,3.35,3,51.02,83.31,0,74.57,High
STU1430,70.85,68.1,63.0,6.98,4.51,3,71.63,98.42,0,40.33,High
STU1431,79.61,77.09,60.57,6.29,3.02,1,79.04,63.33,0,83.18,Medium
STU1432,87.24,92.5,30.73,7.05,4.13,0,67.2,57.55,1,39.47,Medium
STU1433,87.91,80.98,47.78,6.83,0.5,1,86.01,58.76,0,18.17,Medium
STU1434,66.25,78.7,49.91,5.42,3.4,2,63.96,89.73,0,89.75,High
STU1435,72.49,66.08,72.03,7.68,0.5,2,75.83,53.49,1,47.88,High
STU1436,79.24,71.99,65.11,6.73,1.33,1,41.11,80.25,0,100.0,Medium
STU1437,71.27,87.49,49.82,5.42,3.16,1,100.0,49.52,1,76.29,Medium
STU1438,99.11,41.01,65.78,9.94,5.8,1,64.13,49.85,0,80.81,Low
STU1439,82.36,58.71,77.58,7.47,4.17,3,59.7,86.32,0,85.91,Medium
STU1440,86.02,51.09,77.92,6.59,3.53,1,63.48,72.86,1,67.25,High
STU1441,84.94,71.82,41.5,8.78,3.46,1,51.87,26.13,0,67.48,Medium
STU1442,92.6,87.14,68.08,9.38,2.22,0,48.14,49.63,0,90.63,Low
STU1443,77.72,54.25,49.25,6.6,2.52,0,68.7,20.0,2,67.23,High
STU1444,55.55,21.97,83.53,7.29,4.27,2,69.94,58.24,1,50.44,High
STU1445,81.0,57.58,81.76,5.42,1.01,0,71.81,60.08,3,76.72,High
STU1446,65.23,81.44,56.53,6.59,4.57,0,67.42,56.47,0,22.73,Medium
STU1447,67.07,74.68,58.51,6.52,2.8,4,66.59,86.72,2,91.39,High
STU1448,83.8,72.71,63.08,7.06,4.99,1,47.55,72.43,0,91.81,Medium
STU1449,93.57,59.96,36.21,7.27,5.23,0,59.71,100.0,2,88.96,Medium
STU1450,75.32,41.98,75.04,7.58,0.5,1,70.74,74.61,2,88.2,High
STU1451,79.63,74.28,65.91,7.13,2.45,1,58.84,74.95,0,63.32,Medium
STU1452,100.0,49.98,84.55,5.1,1.96,1,72.97,69.9,1,62.87,High
STU1453,78.61,100.0,53.52,5.49,0.5,0,65.7,60.16,0,40.41,Medium
STU1454,100.0,75.27,60.71,6.04,1.64,5,65.57,53.31,0,99.96,High
STU1455,83.48,54.55,47.4,6.4,7.89,0,71.52,60.77,0,55.3,Medium
STU1456,48.59,54.0,54.94,8.27,4.6,0,76.25,61.6,0,71.8,Medium
STU1457,86.3,63.33,52.27,5.17,6.95,0,80.04,63.3,0,70.08,Medium
STU1458,80.72,60.69,84.94,6.3,4.99,1,100.0,76.45,1,38.19,Medium
STU1459,94.35,85.1,59.53,8.13,2.16,3,82.68,70.4,1,30.11,High
STU1460,85.1,68.36,71.86,6.38,2.81,0,42.83,55.7,0,65.11,Medium
STU1461,72.92,51.83,64.29,7.44,4.56,1,49.57,51.71,0,55.92,Medium
STU1462,56.64,99.03,50.96,6.6,4.29,0,63.33,69.04,3,63.21,High
STU1463,71.86,65.89,67.48,7.16,2.46,0,55.03,48.32,1,86.31,Medium
STU1464,62.24,78.84,78.99,6.48,0.78,0,74.64,57.32,1,69.5,High
STU1465,66.29,54.05,51.88,7.73,9.42,0,76.44,55.44,1,80.17,Medium
STU1466,83.83,71.54,82.14,4.64,3.25,1,59.78,100.0,1,73.91,Medium
STU1467,100.0,70.6,57.25,6.29,2.91,1,88.22,42.06,0,58.67,Medium
STU1468,80.92,30.99,62.76,7.22,3.7,2,92.72,50.73,0,44.96,High
STU1469,57.06,100.0,77.96,7.55,3.06,1,37.2,55.0,1,70.29,Medium
STU1470,81.67,88.23,60.05,8.89,3.72,3,43.71,56.86,5,66.68,High
STU1471,92.95,57.85,70.56,6.25,5.82,1,86.65,83.0,0,83.3,Medium
STU1472,65.85,45.16,65.28,8.87,3.28,1,82.79,60.42,1,61.98,Medium
STU1473,72.99,71.26,71.94,5.88,1.41,0,76.55,41.16,0,59.05,Medium
STU1474,75.22,66.56,34.29,8.66,3.21,3,68.19,90.76,1,60.41,High
STU1475,63.23,71.4,42.55,7.94,2.66,5,66.25,69.75,2,46.63,High
STU1476,84.72,68.45,79.24,5.52,6.06,0,77.12,72.57,0,93.94,Medium
STU1477,73.19,74.11,85.56,7.23,5.61,3,71.0,76.72,0,87.79,Medium
STU1478,81.29,91.05,56.34,6.73,3.69,0,90.23,42.82,1,40.74,Medium
STU1479,61.69,75.23,66.34,7.68,1.2,2,56.42,64.88,0,81.08,High
STU1480,68.44,46.11,74.42,6.49,1.29,1,68.31,79.78,1,28.1,High
STU1481,85.84,89.53,80.4,6.37,3.53,0,83.14,53.48,0,84.71,Medium
STU1482,69.41,94.53,39.58,8.72,4.11,0,70.8,70.52,0,51.07,Low
STU1483,100.0,100.0,56.71,6.66,2.83,1,79.44,74.78,0,72.2,Medium
STU1484,69.01,44.78,65.01,7.96,2.64,0,79.2,38.72,0,26.41,Medium
STU1485,78.37,69.37,80.55,6.48,2.43,4,60.78,46.42,1,41.03,High
STU1486,88.99,27.52,100.0,9.13,3.46,1,50.65,23.87,0,74.37,Medium
STU1487,53.72,74.96,66.58,5.85,0.5,2,55.29,69.08,0,50.98,High
STU1488,48.59,55.13,48.9,5.94,1.52,1,49.58,98.93,0,48.2,High
STU1489,52.12,99.62,76.03,8.93,2.37,2,36.45,52.54,1,92.92,Medium
STU1490,93.94,51.06,89.81,6.18,5.67,0,86.56,61.53,1,100.0,Medium
STU1491,66.72,34.59,71.62,9.04,2.04,0,35.94,83.24,1,83.74,Medium
STU1492,100.0,56.52,56.4,8.05,3.82,3,99.64,69.79,0,43.16,Medium
STU1493,66.54,29.44,84.37,6.58,3.91,0,59.03,47.47,0,100.0,Medium
STU1494,77.77,78.52,79.95,4.26,5.84,1,63.27,92.47,1,33.77,High
STU1495,98.13,27.83,54.61,6.77,5.77,0,42.25,68.55,0,58.91,Medium
STU1496,100.0,65.51,75.72,6.94,3.4,1,74.54,60.82,1,66.1,Medium
STU1497,100.0,27.6,84.96,8.43,2.64,0,63.56,62.31,0,100.0,Medium
STU1498,93.13,59.23,87.73,9.02,2.31,1,69.04,75.64,1,83.25,Medium
STU1499,90.36,94.58,69.0,5.84,3.07,2,54.62,53.96,1,55.72,Medium
STU1500,83.89,71.49,64.63,7.92,2.72,0,76.17,93.29,0,46.1,Medium
STU1501,86.68,49.46,88.41,7.87,4.5,3,53.99,87.66,0,85.04,Medium
STU1502,66.73,64.44,51.85,8.3,4.26,4,69.34,65.15,3,54.33,High
STU1503,62.73,65.32,76.58,7.5,4.57,0,75.85,66.11,1,69.33,Medium
STU1504,74.95,73.51,49.45,4.08,5.77,3,92.67,49.77,0,37.6,High
STU1505,72.45,40.4,85.98,6.58,6.85,1,81.7,53.53,1,76.39,High
STU1506,68.2,75.67,66.13,5.18,3.72,0,69.53,44.56,0,74.77,Medium
STU1507,85.45,20.0,89.03,6.52,5.48,2,67.86,61.33,0,40.17,High
STU1508,89.33,53.66,77.37,8.17,2.87,0,73.33,66.12,1,85.63,Medium
STU1509,76.33,56.21,51.65,7.23,5.63,0,81.03,36.38,0,76.09,Medium
STU1510,97.16,76.4,91.37,8.41,5.41,2,55.35,77.4,1,79.8,Medium
STU1511,57.87,65.41,93.27,7.28,5.32,0,83.35,49.32,0,57.43,Medium
STU1512,72.1,39.7,83.23,4.98,3.67,2,52.07,72.41,2,68.58,High
STU1513,64.25,47.27,58.58,3.27,2.3,3,75.76,79.53,1,66.27,High
STU1514,47.0,68.58,65.41,7.01,0.99,1,77.2,88.53,1,62.04,High
STU1515,73.76,63.58,72.18,6.5,3.43,0,56.58,84.75,0,68.41,Medium
STU1516,73.17,54.58,59.44,5.43,6.26,1,41.78,94.82,0,90.13,Medium
STU1517,97.7,56.34,95.39,4.42,2.94,2,63.5,79.68,3,86.5,High
STU1518,84.46,77.53,72.16,5.77,4.91,1,23.29,68.02,0,41.36,Medium
STU1519,59.64,55.68,29.45,6.53,5.02,3,64.97,56.49,0,84.71,High
STU1520,100.0,63.41,75.09,7.73,2.99,2,46.78,62.85,3,88.82,Medium
STU1521,93.32,100.0,64.78,7.06,5.87,6,100.0,94.33,0,61.98,High
STU1522,83.73,39.37,68.88,9.05,0.5,0,86.0,61.44,0,75.17,Medium
STU1523,71.6,31.67,64.47,5.35,1.3,1,69.23,64.91,0,74.88,High
STU1524,60.61,79.1,82.11,8.03,1.85,1,90.65,91.57,0,48.0,Medium
STU1525,69.42,52.78,86.8,6.87,2.02,3,79.99,60.8,0,57.36,High
STU1526,91.33,59.27,74.25,7.77,4.11,2,48.22,50.69,1,80.02,High
STU1527,100.0,50.94,64.91,6.19,4.02,0,57.37,85.4,0,55.08,Medium
STU1528,98.15,60.32,69.38,8.3,4.21,3,85.5,50.1,1,84.51,Medium
STU1529,67.67,93.77,70.29,7.21,4.57,0,51.67,72.27,1,91.1,Medium
STU1530,58.21,79.44,57.96,5.85,1.79,1,74.72,69.12,2,87.87,High
STU1531,77.11,80.52,78.68,6.78,1.31,1,79.47,70.68,1,100.0,High
STU1532,48.47,39.51,76.9,6.46,4.21,5,63.57,21.44,0,63.19,High
STU1533,79.85,44.28,93.11,7.48,2.37,0,70.59,79.05,1,68.54,Medium
STU1534,72.79,20.0,88.83,5.15,0.67,0,82.14,63.93,1,71.41,High
STU1535,68.01,50.43,59.71,6.76,5.25,1,81.33,76.09,2,63.79,Medium
STU1536,51.08,82.22,82.3,7.35,6.01,1,75.62,74.01,0,75.84,Medium
STU1537,82.7,74.31,55.74,6.85,6.3,0,67.78,70.69,1,30.78,Medium
STU1538,67.01,61.01,80.44,8.69,3.84,0,77.99,57.85,0,69.1,Medium
STU1539,57.45,64.6,62.25,7.88,4.63,5,33.63,58.05,1,37.45,High
STU1540,35.0,52.6,54.65,6.79,5.97,2,93.08,64.02,1,45.75,High
STU1541,74.59,68.69,74.2,7.1,2.35,4,65.75,68.09,0,79.66,High
STU1542,100.0,78.79,29.88,7.21,5.5,1,55.51,57.37,0,61.02,Medium
STU1543,99.92,35.91,43.74,7.36,4.0,3,78.19,81.97,0,78.95,High
STU1544,68.14,70.39,67.34,4.24,5.14,0,77.71,59.1,0,60.58,High
STU1545,65.97,81.78,71.24,6.38,3.83,0,51.4,47.36,0,87.13,Medium
STU1546,82.03,57.53,64.46,4.72,5.83,2,69.15,75.71,2,60.22,High
STU1547,60.02,77.61,46.31,8.59,3.9,2,68.63,98.86,1,25.9,Medium
STU1548,79.53,100.0,57.73,6.71,0.83,0,67.53,43.98,1,69.51,Medium
STU1549,86.49,63.12,75.87,6.53,6.11,0,95.61,62.74,0,21.62,Medium
STU1550,93.4,72.08,78.73,8.06,1.79,3,67.66,84.15,1,35.95,High
STU1551,73.5,51.71,69.76,7.39,5.76,2,65.79,75.26,1,47.34,High
STU1552,71.94,68.26,87.35,5.22,3.34,1,56.43,76.18,0,44.85,High
STU1553,61.83,73.28,75.96,6.7,5.62,0,53.98,65.55,0,54.1,Medium
STU1554,62.6,68.51,58.79,6.33,5.54,1,74.66,20.0,0,44.16,Medium
STU1555,71.6,46.65,65.79,4.36,4.27,2,60.01,69.64,2,36.88,High
STU1556,80.51,68.71,48.96,5.83,4.42,2,64.81,71.72,0,95.84,High
STU1557,88.7,91.32,68.38,6.54,4.26,2,71.37,85.27,0,51.44,Medium
STU1558,62.95,73.08,86.68,6.64,0.5,4,69.08,51.48,1,20.38,High
STU1559,97.39,82.32,80.28,4.72,3.71,1,70.29,95.29,3,57.78,High
STU1560,70.93,60.73,91.03,8.41,1.49,3,70.23,59.41,1,42.51,High
STU1561,74.68,78.5,65.46,6.66,3.81,3,78.62,56.31,2,47.3,High
STU1562,63.79,70.03,90.19,6.85,1.44,1,100.0,52.03,3,79.21,High
STU1563,38.64,47.88,67.1,7.36,1.37,1,88.9,83.83,0,56.04,High
STU1564,88.26,70.73,92.07,5.7,6.39,1,61.84,45.27,0,41.95,Medium
STU1565,86.05,47.15,69.67,7.44,5.43,2,88.66,76.37,1,73.93,Medium
STU1566,70.78,53.61,80.61,6.29,3.49,0,50.09,50.46,0,88.0,Medium
STU1567,76.0,68.41,92.13,5.54,3.83,0,58.37,64.21,0,75.74,Medium
STU1568,82.74,70.35,67.1,7.6,3.05,1,80.02,37.56,1,15.93,Medium
STU1569,51.56,43.59,73.28,8.89,4.53,1,79.49,79.14,0,42.7,Medium
STU1570,67.06,83.97,89.33,7.81,2.28,1,78.23,62.3,0,65.95,Medium
STU1571,86.91,75.3,68.0,8.09,5.29,1,57.96,75.03,2,60.11,Medium
STU1572,56.19,52.31,50.19,6.07,3.04,0,58.08,61.78,0,58.45,High
STU1573,79.4,37.32,100.0,4.56,2.74,1,70.23,74.5,2,45.34,High
STU1574,54.65,62.39,62.95,8.89,3.54,3,63.71,64.17,2,36.89,High
STU1575,82.0,56.97,72.38,9.68,2.44,0,83.1,78.33,0,100.0,Medium
STU1576,74.47,67.04,87.34,8.96,4.09,1,63.29,74.61,2,65.54,Medium
STU1577,50.77,58.46,60.87,6.33,2.53,0,62.78,68.53,3,77.84,High
STU1578,92.47,28.87,54.88,5.18,4.34,1,40.36,48.8,0,65.13,High
STU1579,63.98,58.01,73.81,5.31,5.69,2,82.88,57.13,1,65.93,High
STU1580,62.85,59.5,43.1,4.44,2.21,1,73.48,51.1,0,63.76,High
STU1581,78.01,76.41,65.68,6.65,3.26,2,29.14,90.72,2,42.59,High
STU1582,92.23,52.43,73.68,9.05,4.33,0,75.57,79.05,1,34.71,Low
STU1583,59.76,95.22,65.95,6.6,2.72,3,61.18,65.68,0,72.72,High
STU1584,75.93,30.59,46.85,7.22,4.34,0,81.19,54.88,1,68.76,High
STU1585,81.43,88.6,93.91,8.73,4.5,0,66.21,50.78,0,83.77,Low
STU1586,85.4,60.96,71.55,6.23,5.45,0,54.33,67.2,0,79.71,Medium
STU1587,77.65,80.47,91.47,9.65,2.41,2,97.39,98.18,0,48.83,Low
STU1588,69.49,66.44,66.1,9.59,1.8,0,94.72,65.11,2,87.65,Medium
STU1589,62.59,85.51,56.8,6.62,2.95,0,64.84,86.63,0,80.3,Medium
STU1590,76.29,58.03,74.04,5.99,1.76,1,74.33,69.96,1,78.82,High
STU1591,58.92,45.22,66.76,7.78,4.52,1,60.19,75.13,1,100.0,High
STU1592,35.0,90.57,52.33,6.31,1.41,1,38.99,56.43,1,100.0,High
STU1593,81.55,62.96,92.05,5.18,7.7,0,90.4,61.45,0,78.8,Medium
STU1594,88.56,68.99,60.67,8.59,5.83,0,54.44,50.05,0,76.3,Low
STU1595,39.56,87.23,42.4,8.5,3.52,0,89.65,70.48,1,86.63,Medium
STU1596,59.85,46.42,89.92,7.02,5.06,0,79.85,60.62,1,53.32,Medium
STU1597,84.29,75.72,62.44,5.03,0.55,1,72.88,71.48,0,53.6,High
STU1598,100.0,54.38,60.88,5.08,8.04,3,67.3,47.27,0,78.47,High
STU1599,75.31,62.62,43.52,6.95,2.44,2,79.92,73.2,1,47.87,High
STU1600,64.08,66.3,96.11,6.1,3.28,1,52.18,68.04,1,76.86,High
STU1601,72.26,38.0,50.66,6.32,0.5,1,90.69,67.46,0,68.14,High
STU1602,95.62,50.98,70.88,8.23,4.38,1,70.43,72.01,0,47.88,Medium
STU1603,65.31,89.32,83.69,7.83,1.51,0,93.42,60.72,2,65.52,Medium
STU1604,63.01,80.95,76.33,8.73,3.68,0,65.92,100.0,0,91.1,Low
STU1605,67.76,63.87,69.11,5.41,2.52,0,70.42,73.43,0,66.65,High
STU1606,60.7,69.38,44.48,6.32,1.56,0,72.49,66.89,0,66.73,Medium
STU1607,76.84,59.7,57.85,7.86,2.05,1,77.79,78.36,2,71.58,High
STU1608,99.37,89.42,72.82,7.43,3.91,0,98.78,55.62,0,74.18,Low
STU1609,79.85,61.39,58.19,8.95,1.19,2,60.55,55.02,2,58.38,High
STU1610,71.21,69.17,73.05,7.39,2.15,0,65.83,79.41,2,72.01,Medium
STU1611,70.62,85.63,80.23,9.39,4.69,1,67.67,81.0,1,44.02,Medium
STU1612,51.55,51.01,84.44,7.56,8.18,1,28.64,86.45,1,49.02,Medium
STU1613,88.25,93.06,51.61,8.29,4.36,3,58.57,39.35,0,51.58,Medium
STU1614,73.83,37.45,100.0,6.35,1.85,1,59.67,62.72,0,74.4,High
STU1615,72.29,94.33,81.51,6.82,2.84,3,100.0,70.93,1,68.2,High
STU1616,100.0,58.29,69.97,8.08,3.56,0,72.39,77.97,1,62.31,Medium
STU1617,79.48,60.63,86.34,9.06,2.87,1,76.39,74.48,0,78.82,Medium
STU1618,63.72,30.98,100.0,7.82,5.13,1,43.03,49.68,1,72.58,Medium
STU1619,68.6,56.81,48.42,6.68,3.89,0,66.93,74.27,0,59.2,Medium
STU1620,92.23,46.28,66.62,8.73,5.13,4,83.91,70.78,0,44.3,High
STU1621,76.7,54.06,34.32,3.73,2.93,0,100.0,70.73,2,48.61,High
STU1622,53.43,62.53,72.89,4.81,5.89,3,56.37,45.26,2,35.66,High
STU1623,88.79,82.24,75.48,7.75,3.2,1,37.14,48.18,0,67.81,Medium
STU1624,64.98,68.74,69.41,6.82,1.75,0,54.82,97.62,0,47.76,Medium
STU1625,100.0,70.54,60.18,7.65,7.42,3,54.89,82.75,1,55.09,Medium
STU1626,91.2,45.28,39.26,6.89,0.5,1,55.05,63.87,0,62.45,Medium
STU1627,68.29,49.15,75.6,7.6,2.17,2,83.43,64.17,0,85.88,High
STU1628,94.22,97.38,91.83,5.66,2.37,3,73.83,100.0,0,83.58,High
STU1629,76.02,51.77,61.13,7.6,8.01,1,48.82,65.82,0,63.91,Medium
STU1630,87.79,94.81,76.6,8.19,6.75,0,92.08,62.9,1,90.31,Low
STU1631,82.27,60.62,46.48,8.51,6.19,1,100.0,50.72,2,24.75,Medium
STU1632,62.3,65.04,76.86,9.62,2.9,1,39.01,60.79,0,100.0,Medium
STU1633,65.35,84.27,64.1,7.14,7.87,0,88.02,34.71,0,78.85,Medium
STU1634,90.45,87.89,58.56,7.18,4.16,2,65.11,74.37,0,67.06,Medium
STU1635,69.98,63.01,58.59,4.67,5.26,0,51.99,87.67,1,47.17,High
STU1636,68.95,58.01,64.1,6.06,3.82,1,43.26,87.87,0,56.24,Medium
STU1637,60.67,63.99,75.74,6.53,3.41,1,60.3,52.36,0,77.19,Medium
STU1638,81.35,71.08,50.32,8.27,3.05,3,59.13,23.7,0,77.64,Medium
STU1639,100.0,81.04,64.04,5.94,3.12,3,70.51,71.11,0,78.37,High
STU1640,58.99,65.08,69.38,7.91,4.6,1,100.0,88.74,1,50.43,Medium
STU1641,75.36,76.14,53.51,6.8,4.16,1,59.37,36.13,1,46.4,Medium
STU1642,96.18,94.49,96.95,6.55,3.44,1,44.09,58.28,0,68.9,Low
STU1643,73.81,71.86,57.2,7.15,6.22,0,62.39,71.43,1,80.4,Medium
STU1644,81.79,70.61,59.96,6.25,0.5,0,85.71,49.86,0,65.06,Medium
STU1645,59.06,37.66,55.33,6.2,4.42,1,63.79,33.89,0,94.63,High
STU1646,81.42,20.0,96.98,4.41,4.79,1,79.08,51.61,0,65.66,High
STU1647,72.19,71.99,78.29,6.45,5.56,0,70.89,54.76,1,64.99,Medium
STU1648,89.79,63.29,55.95,6.13,3.38,1,69.04,31.05,3,78.41,High
STU1649,92.81,55.73,86.59,6.08,3.87,3,94.98,84.29,1,89.38,Medium
STU1650,100.0,69.38,73.01,7.38,5.27,0,51.54,92.97,0,38.01,Low
STU1651,83.69,63.91,73.86,7.72,6.18,1,50.31,65.53,1,42.64,Medium
STU1652,79.89,85.3,64.83,7.13,2.96,1,52.55,78.13,1,58.73,High
STU1653,77.92,66.55,58.76,8.19,3.98,2,73.87,38.37,2,100.0,Medium
STU1654,69.7,51.56,75.07,7.61,6.52,1,68.91,62.45,0,59.77,Medium
STU1655,80.08,82.82,61.82,6.39,0.5,4,80.07,54.58,1,62.56,High
STU1656,70.57,61.09,97.25,6.15,2.26,1,66.71,72.41,1,77.37,High
STU1657,77.53,74.48,50.96,7.24,6.14,0,64.67,20.0,0,84.54,Medium
STU1658,94.76,56.41,93.04,7.6,5.47,0,73.6,59.53,0,68.4,Medium
STU1659,59.9,53.3,68.33,8.76,4.44,1,96.84,76.31,0,88.29,Medium
STU1660,92.1,66.52,74.49,8.47,2.69,3,48.24,69.29,0,41.12,Medium
STU1661,94.76,65.23,82.5,6.04,1.91,0,52.36,79.09,1,49.68,Medium
STU1662,73.23,73.64,60.55,6.66,2.44,0,68.7,54.23,0,88.25,Medium
STU1663,43.17,60.16,82.96,7.74,6.29,3,100.0,20.0,1,65.22,High
STU1664,65.88,31.95,29.39,8.3,2.37,2,49.78,84.78,1,39.75,High
STU1665,94.45,57.21,59.2,8.11,3.68,1,67.83,78.66,2,38.55,Medium
STU1666,74.66,79.29,56.14,6.71,2.14,0,53.08,93.24,0,48.78,Medium
STU1667,60.01,59.65,51.2,5.04,5.02,0,74.77,66.34,1,65.04,Medium
STU1668,67.43,60.57,66.78,5.4,2.53,1,32.91,72.49,0,74.35,High
STU1669,87.61,82.75,75.79,7.18,3.32,0,50.39,100.0,0,58.42,Low
STU1670,83.2,52.18,80.54,7.28,0.5,1,89.73,31.68,2,72.7,High
STU1671,71.42,37.23,73.61,5.26,0.6,3,68.16,73.0,4,56.26,High
STU1672,69.5,62.11,60.01,6.86,3.51,0,55.33,86.92,2,89.48,Medium
STU1673,69.12,56.28,75.54,7.68,1.11,1,67.22,68.83,1,100.0,Medium
STU1674,61.16,47.61,71.86,5.19,7.29,0,66.92,66.19,0,57.15,Medium
STU1675,99.23,61.84,84.04,8.35,0.5,0,77.53,38.3,0,74.6,Medium
STU1676,70.17,73.85,81.65,6.27,2.06,3,32.71,91.41,2,72.97,High
STU1677,93.26,64.83,70.46,8.56,3.53,0,50.38,84.24,1,67.77,Medium
STU1678,97.82,70.53,56.54,6.05,2.84,2,51.77,88.09,0,78.07,High
STU1679,89.97,97.64,60.21,5.36,1.51,1,78.7,64.61,0,74.58,Medium
STU1680,68.53,58.83,61.75,6.16,1.78,0,67.89,59.23,0,55.58,Medium
STU1681,81.06,70.01,65.27,6.67,1.72,1,92.49,64.88,2,91.33,Medium
STU1682,74.64,55.83,74.02,6.26,2.98,0,82.1,95.59,0,69.03,Medium
STU1683,61.44,49.77,80.73,6.5,7.01,2,62.12,60.31,2,57.3,High
STU1684,79.87,54.47,69.23,7.27,3.64,2,67.16,91.67,0,100.0,Medium
STU1685,57.31,56.38,70.24,6.56,5.63,2,90.0,62.35,0,62.68,High
STU1686,92.82,71.47,72.15,6.71,4.41,0,92.36,49.57,1,70.1,Medium
STU1687,68.03,100.0,62.26,4.41,5.5,2,66.37,27.61,0,68.51,High
STU1688,78.02,52.11,56.12,7.35,0.5,2,51.25,75.33,3,62.4,High
STU1689,79.25,57.5,43.67,6.68,2.95,4,32.29,78.83,0,73.97,High
STU1690,71.12,63.86,59.57,9.05,5.85,0,32.28,44.29,0,48.1,Medium
STU1691,83.8,72.12,77.1,5.48,2.47,1,76.03,91.58,0,76.93,Medium
STU1692,67.88,69.74,59.46,4.27,6.67,1,75.68,40.14,1,29.83,High
STU1693,88.07,88.11,66.43,7.67,6.17,0,56.52,77.75,1,39.04,Medium
STU1694,54.81,21.32,77.0,7.29,2.66,0,90.13,78.63,1,100.0,High
STU1695,76.9,22.04,77.81,5.39,2.59,4,64.48,84.32,1,39.88,High
STU1696,100.0,56.07,53.81,4.66,1.68,0,58.0,29.53,1,25.8,High
STU1697,60.0,84.75,84.96,8.95,2.37,1,87.91,84.2,1,40.37,Medium
STU1698,64.83,36.82,86.91,8.78,1.28,1,85.66,62.39,0,99.8,Medium
STU1699,82.71,20.0,53.05,3.32,4.27,2,67.12,58.87,1,29.16,High
STU1700,77.69,75.28,57.64,6.16,0.88,2,76.8,79.85,2,45.88,High
STU1701,80.26,69.39,87.87,9.13,4.59,1,78.94,82.29,0,35.84,Low
STU1702,82.34,45.38,67.8,6.13,4.63,2,100.0,29.2,0,59.52,High
STU1703,84.52,47.26,36.7,6.11,0.51,0,65.77,41.78,1,56.28,High
STU1704,91.65,47.54,49.0,6.4,6.29,0,47.94,86.59,1,55.38,Medium
STU1705,81.15,66.99,66.26,5.23,4.42,0,78.63,73.55,1,100.0,Medium
STU1706,71.38,53.73,52.55,4.41,4.85,1,69.06,68.27,0,41.02,High
STU1707,85.09,73.89,63.8,8.27,2.13,0,69.91,47.26,0,62.96,Medium
STU1708,100.0,20.0,70.49,4.22,4.62,2,67.47,72.9,0,71.77,High
STU1709,73.01,49.58,91.93,7.15,5.53,2,40.95,86.94,0,45.4,Medium
STU1710,60.38,44.73,65.64,8.04,3.32,1,72.44,100.0,0,74.73,Medium
STU1711,91.61,60.39,86.09,4.77,7.1,2,61.89,58.62,1,57.0,High
STU1712,73.19,55.32,91.43,5.51,3.58,1,62.75,80.79,0,72.49,High
STU1713,42.41,79.36,91.51,8.5,5.55,1,61.23,98.39,0,62.84,Medium
STU1714,87.71,31.53,74.27,7.55,4.03,0,67.33,38.92,0,23.99,Medium
STU1715,66.97,65.82,40.55,5.94,4.55,1,72.43,97.38,0,91.12,Medium
STU1716,73.64,75.05,76.91,8.48,0.5,1,67.5,68.61,0,100.0,Medium
STU1717,79.98,98.42,85.73,8.49,4.17,0,87.63,66.35,1,61.46,Low
STU1718,77.86,56.33,68.78,7.18,2.18,2,80.85,55.25,1,47.04,High
STU1719,85.64,70.84,96.17,5.54,1.98,1,66.76,58.45,3,95.12,High
STU1720,68.47,32.53,82.9,6.22,6.64,1,50.4,51.59,0,100.0,Medium
STU1721,82.7,21.94,78.52,7.2,3.12,0,77.87,47.85,0,61.62,Medium
STU1722,71.11,80.21,86.3,6.54,1.69,1,62.65,73.09,0,60.63,Medium
STU1723,86.08,64.9,75.0,8.11,2.85,0,65.1,85.03,0,63.4,Medium
STU1724,84.23,86.21,32.61,4.66,1.16,2,45.58,46.14,0,31.51,High
STU1725,60.97,40.28,62.51,4.71,6.08,1,75.03,52.49,1,59.18,High
STU1726,91.29,74.36,87.96,7.05,2.25,1,100.0,69.61,0,99.3,Medium
STU1727,66.96,98.64,57.89,6.11,4.45,1,59.39,44.94,0,61.63,Medium
STU1728,87.12,72.55,66.65,5.92,5.94,2,78.58,69.39,2,44.2,High
STU1729,80.51,69.98,54.33,4.32,2.6,1,89.18,60.15,0,74.93,High
STU1730,100.0,65.15,96.76,6.83,4.46,1,59.11,35.52,0,51.66,Medium
STU1731,71.65,36.72,95.22,6.73,1.65,5,26.77,73.49,1,63.67,High
STU1732,69.76,89.4,56.74,7.71,7.9,1,79.82,54.9,1,39.62,Low
STU1733,74.71,54.0,72.21,6.9,5.19,0,69.35,83.45,0,44.27,Medium
STU1734,70.45,74.08,59.79,6.61,3.15,2,73.29,61.48,3,79.75,High
STU1735,87.0,36.87,79.22,8.45,2.11,0,68.93,52.2,1,67.32,Medium
STU1736,50.76,43.77,77.65,4.96,3.29,2,87.72,64.4,0,49.48,High
STU1737,59.19,90.83,82.18,7.55,2.89,3,66.34,87.36,0,67.39,High
STU1738,58.98,58.75,74.98,4.46,7.02,1,100.0,98.15,1,52.86,High
STU1739,89.25,91.16,100.0,5.63,1.29,1,79.87,75.68,0,49.32,Medium
STU1740,100.0,63.59,54.58,5.1,3.74,1,85.2,54.4,1,88.28,Medium
STU1741,73.43,31.85,44.34,7.89,3.47,2,68.11,65.59,0,80.66,Medium
STU1742,72.47,81.06,64.1,6.71,3.29,3,73.28,63.23,3,64.57,High
STU1743,76.05,54.38,46.48,6.78,3.3,1,39.28,62.3,0,67.89,High
STU1744,92.43,77.58,47.61,5.25,3.29,1,58.19,60.42,2,64.83,High
STU1745,61.09,65.45,54.98,6.38,5.07,1,86.32,47.62,1,74.74,High
STU1746,78.58,37.22,56.17,5.73,4.6,0,66.86,82.56,0,49.01,High
STU1747,89.63,67.96,55.68,7.34,4.25,2,48.88,80.49,1,82.25,High
STU1748,82.52,100.0,77.77,5.41,0.5,0,56.37,65.42,1,72.07,Medium
STU1749,77.84,73.87,62.41,8.66,4.04,2,56.23,87.66,1,59.74,Medium
STU1750,90.02,63.96,67.31,4.45,0.52,1,67.34,75.64,0,55.24,High
STU1751,35.0,84.36,83.41,5.67,4.66,0,53.82,44.9,0,81.82,Medium
STU1752,85.17,68.79,58.51,9.15,6.15,3,92.19,58.62,2,61.99,Medium
STU1753,65.19,68.77,66.03,6.19,1.83,1,71.54,91.65,0,51.02,High
STU1754,47.54,45.35,75.49,4.96,3.03,1,44.28,58.51,0,57.31,High
STU1755,82.67,69.21,40.88,7.11,2.42,1,94.11,52.52,2,80.38,High
STU1756,95.6,83.64,34.23,6.13,5.72,0,67.22,78.0,1,32.79,Medium
STU1757,72.94,49.95,75.19,5.63,3.67,2,76.6,59.96,0,57.89,High
STU1758,89.29,90.64,77.38,5.27,6.61,1,73.21,75.09,1,86.41,Medium
STU1759,99.18,63.35,100.0,10.0,4.24,0,75.1,64.35,0,61.64,Low
STU1760,94.72,49.02,72.37,6.45,3.94,2,62.16,50.66,1,70.46,High
STU1761,99.6,82.96,82.3,4.1,3.62,1,73.62,52.52,2,86.74,Medium
STU1762,86.13,59.84,67.07,8.89,4.97,2,65.46,34.66,0,82.85,Medium
STU1763,76.13,78.67,74.46,7.66,0.5,2,74.16,45.11,0,56.2,Medium
STU1764,50.97,59.75,95.01,5.73,3.65,2,64.84,76.31,1,62.39,High
STU1765,71.31,63.92,38.14,5.49,3.37,1,63.07,86.7,1,83.1,High
STU1766,62.35,73.88,76.2,7.74,4.81,2,43.15,54.01,0,83.79,Medium
STU1767,100.0,70.24,100.0,6.45,3.16,1,67.91,40.25,2,63.24,Medium
STU1768,72.36,29.08,74.23,4.1,1.63,2,71.82,85.48,0,63.93,High
STU1769,76.85,44.82,94.76,9.3,3.51,0,99.43,86.01,1,70.35,Low
STU1770,83.27,81.73,60.56,6.19,1.55,1,76.15,78.01,0,92.34,Medium
STU1771,75.65,62.62,69.52,8.89,0.5,0,55.68,38.88,0,86.35,Medium
STU1772,100.0,55.57,70.5,8.59,4.81,5,50.75,74.27,0,78.87,Medium
STU1773,65.66,40.55,36.74,5.4,4.54,0,72.55,74.93,1,43.43,High
STU1774,77.92,45.56,52.48,8.25,4.34,0,55.34,81.21,3,59.5,Medium
STU1775,63.86,28.61,53.55,5.89,5.85,0,58.34,67.72,0,60.55,High
STU1776,55.2,63.18,82.33,4.19,2.3,0,55.28,51.5,1,93.37,High
STU1777,65.82,54.23,83.08,6.21,0.92,1,62.41,57.72,1,60.22,High
STU1778,74.44,47.6,74.86,7.36,3.37,0,80.51,86.19,2,90.07,Medium
STU1779,68.56,63.77,82.36,6.15,2.87,0,34.17,71.83,0,53.59,Medium
STU1780,64.61,71.55,67.54,6.37,1.98,1,90.01,41.45,0,55.18,High
STU1781,53.91,100.0,88.03,8.4,3.36,1,64.53,95.72,0,74.63,Medium
STU1782,73.75,37.79,70.13,6.95,2.4,5,57.22,85.8,0,96.36,High
STU1783,52.43,85.87,70.87,5.62,0.5,3,83.09,94.92,1,60.76,High
STU1784,86.4,82.52,66.02,7.78,2.71,2,64.49,85.42,0,13.74,Medium
STU1785,76.24,50.98,80.27,7.08,1.45,1,50.2,48.29,0,33.72,Medium
STU1786,53.14,68.66,63.68,3.27,3.92,1,42.13,70.94,1,70.96,High
STU1787,70.36,56.76,84.65,7.4,2.32,0,79.82,75.86,2,35.5,Medium
STU1788,63.72,68.34,53.02,7.35,5.5,0,80.92,40.8,0,47.69,Medium
STU1789,79.79,92.16,53.52,6.83,6.39,0,60.98,43.9,1,65.25,Medium
STU1790,95.11,75.9,80.31,8.05,4.72,1,90.46,78.38,0,16.01,Medium
STU1791,46.87,74.15,68.67,5.86,0.71,0,68.61,79.81,1,57.41,High
STU1792,76.73,57.25,63.19,7.27,6.21,3,90.58,100.0,0,41.7,High
STU1793,72.6,38.29,83.35,4.61,6.34,3,51.72,60.31,1,35.02,High
STU1794,85.07,61.25,60.89,7.37,3.53,2,49.64,34.71,1,48.96,High
STU1795,78.2,86.72,67.0,9.53,5.88,0,59.27,62.28,1,43.62,Low
STU1796,63.72,37.51,90.99,5.41,2.51,1,61.21,80.18,0,74.39,High
STU1797,70.21,46.01,93.09,5.74,0.5,0,87.57,58.45,2,88.93,High
STU1798,63.06,67.27,93.59,5.81,2.13,1,72.99,66.83,1,57.71,Medium
STU1799,91.14,47.28,65.77,6.98,6.61,2,55.09,53.44,2,53.08,Medium
STU1800,75.32,50.73,88.46,5.31,0.82,0,68.19,86.48,0,56.72,High
STU1801,100.0,57.38,55.77,7.39,3.5,0,60.72,78.4,0,42.84,Medium
STU1802,74.09,40.42,56.4,7.99,3.56,0,54.34,50.24,1,39.23,Medium
STU1803,64.37,47.47,34.74,7.55,2.58,0,66.64,55.61,1,32.09,High
STU1804,52.29,77.66,95.09,4.32,2.7,0,64.76,52.77,1,38.41,High
STU1805,47.95,41.47,57.04,8.19,3.63,1,54.98,31.53,2,97.64,High
STU1806,51.24,36.24,68.1,8.11,2.49,3,54.8,51.28,0,51.19,High
STU1807,79.01,53.66,56.35,7.96,0.94,0,81.85,33.09,1,10.0,Medium
STU1808,82.63,78.18,80.43,7.32,3.89,1,75.2,81.8,2,53.26,Medium
STU1809,51.28,61.46,64.37,7.11,5.43,0,84.04,83.23,0,33.19,High
STU1810,88.43,56.64,50.43,8.25,5.07,1,63.18,59.62,0,66.19,Medium
STU1811,67.75,65.8,76.62,9.49,2.04,0,49.51,68.68,1,64.03,Medium
STU1812,77.2,33.58,48.49,5.47,1.25,2,58.24,84.28,1,66.12,High
STU1813,99.18,73.9,57.44,8.31,2.99,1,85.46,79.11,0,64.19,Medium
STU1814,88.45,71.9,38.4,6.68,6.32,1,40.79,100.0,0,57.55,Medium
STU1815,70.97,57.63,48.64,6.62,4.66,2,92.56,69.67,1,35.88,High
STU1816,61.63,83.11,72.68,4.65,4.77,2,49.13,91.15,2,63.51,High
STU1817,42.72,44.71,40.53,6.4,5.1,1,81.25,66.71,1,85.38,High
STU1818,64.21,85.3,47.78,5.4,4.26,2,50.65,62.85,1,100.0,High
STU1819,71.83,67.78,69.96,6.15,3.72,2,57.88,77.22,2,60.24,High
STU1820,60.19,58.94,61.85,5.26,4.69,0,33.02,74.94,0,62.41,High
STU1821,73.03,64.64,99.88,6.17,2.52,0,99.51,54.06,1,75.01,Medium
STU1822,76.15,63.07,97.51,6.23,0.95,3,77.77,50.17,1,94.86,High
STU1823,71.63,86.97,56.98,6.94,4.8,1,78.77,66.35,1,55.27,Medium
STU1824,65.25,45.62,78.36,4.54,5.73,0,59.62,30.98,1,78.85,High
STU1825,77.53,51.27,81.24,4.78,1.49,1,52.18,59.46,0,48.54,High
STU1826,81.63,83.65,61.04,7.31,4.98,2,81.2,47.32,0,71.6,Medium
STU1827,58.64,54.28,47.57,5.68,6.53,1,47.55,54.63,0,84.41,High
STU1828,96.16,81.21,69.82,8.3,3.5,3,65.16,50.98,0,39.18,Medium
STU1829,73.52,95.59,67.41,7.12,2.03,1,46.74,78.82,1,54.5,Medium
STU1830,75.28,57.77,63.46,7.65,3.72,0,70.11,73.04,1,84.1,Medium
STU1831,85.62,77.26,76.63,8.77,2.51,2,35.41,65.95,1,77.32,Medium
STU1832,78.5,44.23,58.74,6.37,2.39,0,42.83,58.1,1,85.72,High
STU1833,89.3,78.59,52.72,6.0,4.28,1,53.38,83.62,0,81.97,Low
STU1834,79.31,68.59,71.64,8.02,0.61,2,78.45,81.21,0,58.18,Medium
STU1835,65.81,73.51,75.79,7.51,0.9,3,58.97,63.0,0,100.0,High
STU1836,80.42,53.38,52.35,6.54,3.53,1,84.72,89.39,0,67.74,Medium
STU1837,57.84,35.1,83.92,8.75,3.46,0,93.51,61.59,0,10.0,Medium
STU1838,76.63,74.06,43.44,6.5,4.12,0,62.75,68.68,0,59.35,Medium
STU1839,74.5,27.86,61.33,6.85,6.88,2,42.87,54.66,1,55.62,High
STU1840,71.88,59.29,66.13,6.83,3.69,1,84.42,57.92,0,80.9,Medium
STU1841,73.07,81.94,60.46,5.49,4.58,2,41.79,53.71,0,55.98,High
STU1842,46.77,68.45,61.52,6.91,1.74,1,52.64,77.38,1,86.98,High
STU1843,66.77,100.0,98.07,8.76,4.88,3,39.08,71.77,2,76.16,High
STU1844,76.39,83.45,57.24,7.42,2.55,3,84.37,46.05,0,45.0,High
STU1845,77.4,53.23,100.0,6.84,3.63,1,77.73,75.2,1,62.19,Medium
STU1846,59.58,65.49,76.56,6.57,3.3,0,95.51,97.27,2,49.49,Medium
STU1847,93.99,64.15,71.38,7.26,5.36,1,60.5,53.12,2,68.7,Medium
STU1848,62.01,36.52,77.14,7.85,1.14,1,53.99,52.09,0,49.37,Medium
STU1849,89.54,48.07,100.0,7.65,0.5,3,59.08,65.15,1,66.49,High
STU1850,81.41,54.91,55.1,6.34,3.12,1,45.34,89.81,2,59.55,High
STU1851,65.31,28.35,53.19,7.25,4.34,1,92.29,57.11,1,61.96,High
STU1852,100.0,65.85,58.68,7.47,3.77,0,100.0,98.15,0,100.0,Low
STU1853,57.1,60.52,70.48,5.39,5.72,1,55.7,45.97,0,57.79,High
STU1854,88.79,34.89,44.11,7.04,4.29,4,78.08,68.38,2,26.31,High
STU1855,90.01,72.28,70.34,3.77,2.49,1,65.36,34.38,0,85.32,High
STU1856,64.94,77.89,95.4,7.48,0.5,1,75.51,48.15,0,85.16,Medium
STU1857,95.89,69.09,72.27,7.72,3.07,1,86.01,61.16,2,25.42,Medium
STU1858,71.25,59.17,65.61,7.85,5.35,0,48.57,69.86,2,50.98,Medium
STU1859,79.33,75.65,60.73,6.25,2.79,0,59.86,87.33,1,73.72,Medium
STU1860,78.9,77.24,83.48,7.23,3.55,0,88.45,52.41,1,75.48,Medium
STU1861,72.99,70.53,57.61,8.79,4.26,0,76.65,72.57,1,64.91,Medium
STU1862,87.16,50.16,97.7,8.78,1.67,1,73.56,40.9,1,65.36,Medium
STU1863,86.9,69.98,99.0,6.76,4.62,1,76.66,83.18,1,46.23,Medium
STU1864,48.77,86.52,73.85,7.0,6.45,0,78.33,88.59,0,17.0,Medium
STU1865,94.57,54.26,69.83,8.36,3.19,2,87.68,83.68,1,100.0,Medium
STU1866,50.06,100.0,85.46,4.7,1.47,1,80.81,83.65,0,45.63,High
STU1867,90.49,55.54,86.42,6.35,3.38,0,67.14,63.36,2,68.53,Medium
STU1868,91.9,65.58,57.91,8.67,0.5,2,74.0,69.98,1,61.82,Medium
STU1869,58.64,52.9,62.1,8.17,4.11,0,66.85,63.25,1,82.94,Medium
STU1870,68.84,69.02,50.16,7.32,4.31,1,55.32,64.18,1,67.3,High
STU1871,58.41,33.64,76.14,4.69,6.52,0,67.12,51.61,2,68.07,High
STU1872,71.78,55.17,80.0,6.73,3.15,2,66.07,70.07,0,12.31,High
STU1873,70.38,45.34,49.75,5.97,4.24,2,39.13,72.52,1,48.33,High
STU1874,86.69,67.44,63.17,7.26,1.95,2,81.17,82.74,0,79.89,Medium
STU1875,94.65,82.9,49.79,5.67,2.86,0,84.06,72.06,0,78.09,Medium
STU1876,95.94,76.63,56.52,5.36,0.75,2,77.24,80.86,0,45.97,High
STU1877,66.57,22.31,78.27,3.91,3.15,4,83.04,51.6,1,33.44,High
STU1878,71.86,100.0,59.0,8.51,2.95,0,65.01,90.62,0,67.53,Medium
STU1879,49.75,70.32,65.49,6.24,4.04,1,59.26,60.66,1,10.0,High
STU1880,62.91,51.02,45.59,7.02,2.38,1,84.13,28.12,2,42.03,High
STU1881,89.47,67.83,72.8,6.8,3.65,0,50.0,57.99,1,100.0,Medium
STU1882,99.23,68.17,69.34,5.31,2.9,2,49.41,75.38,0,93.9,Medium
STU1883,56.48,53.0,59.07,5.04,2.9,1,75.62,66.48,0,74.74,High
STU1884,66.11,68.56,67.16,5.39,3.64,2,75.15,30.04,0,71.15,High
STU1885,74.6,54.07,72.7,5.79,3.57,2,83.81,68.87,1,26.0,High
STU1886,79.2,57.72,57.78,7.31,4.87,1,38.92,67.28,1,50.19,Medium
STU1887,62.86,52.65,47.86,5.69,3.28,1,66.34,47.51,0,59.1,High
STU1888,81.36,39.21,97.08,9.25,2.87,0,48.78,75.16,0,50.61,Medium
STU1889,67.89,67.63,60.5,8.24,3.17,1,82.54,62.59,0,58.0,Medium
STU1890,74.78,75.54,68.55,7.93,2.21,3,90.67,29.88,1,90.98,High
STU1891,83.19,74.27,85.16,6.63,2.85,2,76.58,77.51,3,54.16,High
STU1892,75.1,79.76,100.0,8.92,7.16,2,58.52,68.15,0,58.18,Medium
STU1893,68.45,70.84,51.33,6.49,1.86,1,55.27,92.24,0,79.79,High
STU1894,73.36,55.41,76.75,6.76,3.0,1,61.0,49.43,1,36.61,High
STU1895,73.67,80.11,59.39,7.04,2.8,1,53.7,60.81,0,48.2,Medium
STU1896,69.45,40.56,61.92,7.78,3.06,3,65.29,84.19,0,50.25,High
STU1897,71.12,48.79,59.2,7.69,2.9,3,55.24,48.52,0,66.11,High
STU1898,98.98,47.64,53.12,6.13,4.0,2,44.51,83.55,1,58.1,High
STU1899,83.41,84.44,69.38,6.05,0.5,1,74.47,84.02,0,58.73,Medium
STU1900,70.57,81.97,47.88,7.7,5.37,1,75.78,70.65,0,51.7,Medium
STU1901,85.45,73.77,84.2,7.8,4.64,4,96.89,62.03,1,43.58,High
STU1902,69.99,84.29,70.83,6.25,1.26,1,60.64,53.35,0,77.18,Medium
STU1903,92.6,49.17,76.34,4.58,0.5,0,35.87,52.02,1,58.24,High
STU1904,80.54,71.27,63.01,6.51,1.74,1,81.86,70.59,2,77.38,Medium
STU1905,73.39,62.75,64.49,7.67,3.06,0,83.77,20.0,0,42.77,Medium
STU1906,81.72,80.24,74.31,9.33,8.14,1,87.41,54.97,0,51.7,Low
STU1907,51.44,62.93,52.54,5.12,4.48,0,93.01,52.49,0,60.58,Medium
STU1908,58.1,58.07,64.63,6.2,0.5,0,93.25,47.22,0,62.44,Medium
STU1909,57.09,74.74,57.11,6.25,2.26,0,51.39,68.34,0,80.09,High
STU1910,77.14,80.77,56.64,8.7,3.4,0,94.32,38.54,0,56.39,Medium
STU1911,100.0,52.97,38.35,6.75,3.96,1,62.42,86.65,0,79.93,Medium
STU1912,100.0,63.9,90.09,5.53,1.13,1,81.57,81.44,1,72.5,High
STU1913,84.57,45.95,59.7,7.58,3.26,2,72.41,89.47,4,62.86,High
STU1914,82.51,20.03,87.45,6.23,2.21,2,51.46,55.51,1,45.97,High
STU1915,47.98,68.61,86.03,5.09,1.51,2,87.73,68.74,1,80.14,High
STU1916,66.86,75.96,50.71,5.55,3.97,0,60.25,79.82,0,46.47,Medium
STU1917,63.18,69.72,53.67,9.23,4.89,0,99.6,62.65,0,64.57,Low
STU1918,65.69,29.91,100.0,7.34,5.01,1,55.02,54.8,1,63.92,High
STU1919,72.48,58.68,96.26,6.95,4.53,0,50.92,67.15,1,60.86,Medium
STU1920,67.92,25.07,69.53,6.45,2.6,1,56.73,61.31,1,57.21,High
STU1921,45.31,89.65,73.86,7.21,4.79,0,93.42,45.73,1,48.56,Medium
STU1922,86.22,45.45,60.54,7.19,4.06,0,41.36,22.15,1,32.66,Medium
STU1923,58.91,87.6,76.49,7.21,3.74,4,83.52,48.38,0,93.08,High
STU1924,78.59,82.03,59.24,6.96,2.4,0,99.15,22.53,0,55.17,Medium
STU1925,100.0,48.79,39.51,8.02,2.61,2,65.12,49.34,0,62.44,High
STU1926,61.21,44.61,50.18,6.83,3.63,2,61.32,90.54,1,62.32,High
STU1927,37.05,71.31,70.32,5.43,7.89,0,69.36,31.73,0,86.91,Medium
STU1928,70.71,49.8,53.03,5.94,4.04,0,48.92,73.08,0,100.0,Medium
STU1929,91.51,66.84,68.99,4.03,2.4,1,100.0,87.01,1,68.2,High
STU1930,100.0,56.31,53.88,9.64,2.0,1,79.39,36.69,0,61.86,Medium
STU1931,56.56,32.94,58.26,8.01,2.61,1,47.25,97.3,3,42.53,High
STU1932,82.45,24.85,82.8,5.64,7.42,4,54.28,63.62,0,36.13,High
STU1933,68.02,69.08,73.71,6.41,2.78,0,71.05,89.45,3,29.52,High
STU1934,73.41,54.89,69.86,5.91,5.13,0,45.99,69.88,1,49.08,High
STU1935,100.0,55.04,83.18,8.96,2.82,0,42.43,56.71,1,23.18,Medium
STU1936,52.46,77.53,77.21,4.81,3.97,1,72.99,20.0,0,86.58,High
STU1937,78.81,86.12,91.7,6.96,4.93,0,85.1,44.93,1,73.46,Medium
STU1938,82.02,60.09,63.1,6.65,2.47,2,83.56,77.24,2,59.97,High
STU1939,91.29,58.87,63.56,7.96,2.35,1,66.98,92.67,0,87.19,Medium
STU1940,76.47,74.0,50.48,6.65,6.49,1,63.33,39.72,2,43.58,High
STU1941,79.62,40.58,63.57,4.34,5.27,2,68.88,63.93,1,48.6,High
STU1942,69.13,69.02,84.47,6.45,4.92,1,84.87,56.97,0,26.32,Medium
STU1943,79.04,74.93,89.5,5.44,4.92,0,46.63,72.52,1,80.49,Medium
STU1944,69.85,77.24,84.4,6.91,4.33,1,54.78,66.59,0,48.79,Medium
STU1945,84.32,30.14,43.09,8.81,7.13,3,61.58,58.31,0,65.31,High
STU1946,69.46,51.3,86.25,4.36,3.58,0,63.88,76.5,1,85.05,High
STU1947,80.66,49.19,42.42,5.68,4.54,0,67.07,52.55,0,92.42,Medium
STU1948,74.56,66.8,83.47,6.03,0.89,0,67.58,65.2,1,64.42,High
STU1949,91.89,73.65,64.48,6.27,2.02,1,79.46,78.86,1,72.68,Medium
STU1950,74.23,91.94,80.54,7.84,1.34,1,38.03,51.93,1,46.92,Medium
STU1951,48.4,56.09,50.01,6.56,5.79,3,40.78,58.54,1,98.67,High
STU1952,93.93,56.04,87.57,7.38,0.5,3,56.69,54.96,3,61.68,High
STU1953,61.41,85.69,48.03,5.92,2.78,1,82.68,73.14,1,66.61,High
STU1954,65.19,70.34,59.97,7.12,0.5,0,56.92,71.29,1,56.86,Medium
STU1955,66.07,87.82,55.03,7.89,2.0,3,67.3,55.67,0,88.98,High
STU1956,95.62,70.2,43.69,5.77,2.62,2,70.18,71.14,0,68.99,High
STU1957,42.96,44.17,71.42,7.89,5.99,0,73.37,20.0,1,80.22,Medium
STU1958,100.0,41.0,97.09,6.87,4.21,0,94.6,80.03,0,72.08,Low
STU1959,90.84,37.07,100.0,8.26,2.0,2,79.81,81.12,2,60.59,High
STU1960,78.35,76.92,71.46,6.52,5.42,0,84.96,55.89,0,83.59,Medium
STU1961,74.18,86.39,86.75,7.33,3.53,4,65.84,52.3,2,71.91,High
STU1962,79.28,98.29,73.48,6.74,3.57,1,93.05,63.96,1,45.78,Medium
STU1963,82.82,80.18,77.48,6.67,1.34,2,69.22,48.62,2,45.22,High
STU1964,84.68,85.93,64.87,7.16,1.72,2,34.76,51.42,0,67.98,Medium
STU1965,83.33,54.56,72.93,7.55,2.01,1,100.0,70.54,0,83.15,Medium
STU1966,76.34,44.18,78.06,5.05,3.58,0,68.79,79.56,0,97.79,Medium
STU1967,72.04,80.3,61.32,8.81,3.64,2,77.01,70.72,1,29.46,Medium
STU1968,72.73,72.52,68.84,4.2,6.28,4,49.83,100.0,0,65.51,High
STU1969,72.08,66.93,69.12,5.84,4.19,0,100.0,87.47,1,74.79,Medium
STU1970,92.01,71.97,82.4,6.67,0.5,1,54.51,78.24,1,70.91,Medium
STU1971,83.9,70.82,54.01,7.38,3.97,1,61.45,77.59,1,85.19,Medium
STU1972,35.0,88.11,69.23,9.01,0.89,2,42.01,66.56,0,78.11,Medium
STU1973,84.84,88.31,98.68,4.2,1.76,2,74.2,74.08,1,45.29,High
STU1974,77.92,74.8,87.46,6.09,2.04,0,63.21,68.56,2,44.7,High
STU1975,74.72,80.22,90.24,3.82,2.31,1,41.76,83.92,1,71.25,High
STU1976,69.17,74.25,70.37,6.84,1.02,0,66.85,59.98,1,84.81,High
STU1977,91.86,56.7,74.81,7.18,3.87,0,69.61,59.01,0,67.87,Medium
STU1978,89.21,78.62,85.03,9.03,0.96,2,63.79,86.21,2,33.44,Medium
STU1979,63.41,39.9,93.4,6.97,4.14,0,37.04,56.72,0,44.06,Medium
STU1980,81.11,83.97,40.73,8.26,7.53,2,72.94,47.99,1,78.83,Medium
STU1981,60.43,43.5,50.27,7.62,1.11,2,46.45,51.53,1,58.03,High
STU1982,54.31,70.14,89.64,6.19,2.99,3,83.12,78.48,0,67.36,High
STU1983,65.6,49.79,65.85,4.83,0.5,0,58.56,100.0,3,86.31,High
STU1984,87.94,74.96,59.92,7.19,2.96,3,83.77,49.02,1,40.96,High
STU1985,89.3,64.39,51.19,4.71,4.66,1,68.24,76.61,1,56.72,High
STU1986,82.7,36.29,61.67,8.61,4.8,1,69.11,67.77,0,54.54,Medium
STU1987,85.88,72.57,48.96,6.57,3.64,2,89.7,85.31,1,72.11,Medium
STU1988,82.74,54.6,100.0,8.47,5.1,0,54.14,76.45,1,80.46,Medium
STU1989,65.38,80.86,69.66,6.13,8.08,2,49.37,86.42,3,35.39,High
STU1990,81.48,65.02,69.13,7.18,6.58,0,77.45,70.26,1,64.89,Low
STU1991,87.01,72.12,78.82,7.09,2.56,0,45.66,49.97,1,82.39,Medium
STU1992,86.31,47.76,84.44,6.74,0.89,2,54.42,52.76,2,27.9,High
STU1993,92.83,54.39,84.19,6.19,2.77,2,41.15,68.82,1,63.71,High
STU1994,85.62,56.74,86.1,7.35,1.8,2,87.58,73.41,2,40.68,High
STU1995,80.27,80.42,60.54,5.5,4.31,2,50.95,58.08,0,52.17,High
STU1996,91.05,95.19,65.53,5.11,1.37,0,56.88,100.0,1,14.9,Medium
STU1997,74.6,50.51,81.54,8.54,3.37,0,46.07,81.94,0,92.85,Medium
STU1998,61.77,84.38,62.09,7.82,5.01,2,61.45,27.49,0,57.88,Medium
STU1999,72.55,25.95,69.92,6.89,3.32,0,65.57,62.79,0,48.86,Medium
STU2000,63.83,43.5,75.98,9.13,1.8,2,82.04,46.47,0,71.57,Medium
STU2001,64.87,47.74,81.78,6.43,5.61,1,45.53,99.31,0,44.15,Medium
STU2002,72.83,40.65,43.33,8.65,0.5,1,57.78,25.05,0,42.26,High
STU2003,63.11,36.5,80.72,7.05,2.91,3,92.19,72.54,1,95.21,High
STU2004,70.38,72.43,66.49,5.37,3.43,1,85.7,67.22,0,100.0,High
STU2005,46.6,61.15,80.61,9.39,3.53,2,56.48,79.65,2,53.16,High
STU2006,78.2,71.83,81.65,8.19,3.82,0,67.16,70.81,2,86.35,Medium
STU2007,75.02,77.43,94.12,6.63,4.6,2,100.0,100.0,0,72.12,High
STU2008,62.74,69.78,90.3,7.82,3.44,1,47.7,81.52,1,36.72,Medium
STU2009,84.89,76.84,90.2,6.23,2.84,3,35.34,31.91,0,46.44,High
STU2010,89.06,63.75,91.66,7.96,2.77,2,58.89,90.28,2,96.02,High
STU2011,50.89,43.63,74.37,3.45,2.4,1,66.58,68.66,0,36.46,High
STU2012,63.56,84.04,70.48,5.37,4.92,2,54.36,90.31,0,100.0,Medium
STU2013,63.46,54.4,83.09,8.17,2.34,3,84.61,59.29,0,53.57,Medium
STU2014,60.9,48.16,80.98,6.45,5.02,1,71.58,45.88,0,96.62,High
STU2015,87.44,61.8,65.36,7.09,3.53,2,57.72,42.48,2,58.89,High
STU2016,72.09,48.57,76.07,4.91,2.56,1,58.84,84.11,1,81.0,High
STU2017,71.03,57.49,69.47,9.39,4.61,2,55.31,79.35,0,92.9,Medium
STU2018,44.94,71.19,57.19,8.47,2.19,2,82.11,54.34,1,92.8,High
STU2019,84.53,71.27,89.36,6.52,4.65,0,59.97,20.0,2,53.31,Medium
STU2020,56.41,48.84,70.83,6.23,3.88,1,47.72,84.79,0,47.85,Medium
STU2021,75.9,56.22,100.0,8.24,2.43,0,84.35,28.32,0,63.38,Medium
STU2022,79.16,84.34,45.62,9.58,4.45,3,63.3,100.0,0,38.99,Medium
STU2023,95.41,73.94,61.65,8.14,4.48,1,44.88,38.98,1,69.79,Medium
STU2024,55.37,100.0,70.49,9.84,5.58,0,97.12,65.25,1,48.58,Low
STU2025,35.0,86.24,87.06,5.51,5.24,1,78.38,69.14,2,86.65,High
STU2026,77.76,85.6,75.99,5.65,4.38,1,68.79,71.57,2,53.6,High
STU2027,100.0,40.02,74.66,5.14,1.47,2,64.4,70.84,3,30.15,High
STU2028,93.58,78.75,53.09,7.42,7.91,1,63.23,67.35,0,93.02,Low
STU2029,78.14,64.04,52.65,7.05,0.97,2,62.89,57.19,0,68.67,High
STU2030,67.63,55.08,74.84,6.59,5.21,2,63.35,60.98,0,65.58,Medium
STU2031,87.11,68.02,49.54,7.93,4.28,1,57.98,53.27,1,86.89,Medium
STU2032,60.4,82.01,62.02,8.53,1.39,0,66.24,67.09,0,82.43,Medium
STU2033,82.15,74.01,77.51,4.66,3.28,2,57.64,33.43,1,49.76,High
STU2034,82.58,49.19,55.27,5.96,3.36,1,71.8,70.68,0,56.0,Medium
STU2035,90.9,78.36,94.08,7.95,5.85,3,67.6,63.22,0,42.74,Medium
STU2036,100.0,53.52,88.36,6.15,2.22,2,56.09,80.15,0,35.71,Medium
STU2037,80.89,68.9,46.43,5.68,3.03,2,66.52,59.53,0,76.57,High
STU2038,67.37,59.54,56.01,8.23,0.5,1,77.23,75.84,0,72.84,Medium
STU2039,74.62,61.06,35.71,4.99,6.62,0,29.64,74.94,0,80.22,Medium
STU2040,48.46,78.79,58.26,6.38,1.57,0,77.83,62.5,0,90.63,Medium
STU2041,64.58,46.28,81.5,7.26,4.09,2,47.15,71.35,0,80.49,Medium
STU2042,68.86,100.0,63.79,6.0,3.32,3,60.2,40.83,1,82.27,High
STU2043,67.14,32.22,76.91,7.9,3.32,1,20.0,89.15,1,23.44,High
STU2044,77.29,54.24,47.16,6.0,4.96,0,77.62,55.18,0,58.86,Medium
STU2045,62.66,71.66,81.97,8.77,6.51,0,55.42,61.79,0,84.29,Low
STU2046,91.82,75.52,61.67,6.62,3.95,0,59.5,46.05,1,41.64,Medium
STU2047,75.0,63.19,70.18,7.74,4.68,0,69.54,51.17,1,66.83,Medium
STU2048,74.86,63.97,68.61,7.84,4.09,1,34.5,94.58,0,75.39,Medium
STU2049,70.08,72.39,50.93,5.92,5.33,1,69.05,67.48,1,73.86,Medium
STU2050,77.33,60.84,52.7,3.93,2.67,0,79.02,59.66,0,72.38,Medium
STU2051,87.38,90.08,84.52,7.31,5.44,4,70.96,59.56,0,76.98,Medium
STU2052,61.99,80.11,75.98,6.9,5.5,2,61.3,65.04,0,68.61,Medium
STU2053,65.13,80.71,85.75,7.58,5.45,0,68.7,78.0,0,35.74,Medium
STU2054,70.44,47.61,74.87,6.48,2.31,1,66.72,68.49,1,75.14,High
STU2055,54.81,63.57,72.14,6.2,3.2,1,80.9,68.87,1,70.69,High
STU2056,62.71,59.59,44.11,9.61,3.93,0,89.34,48.38,1,36.01,Medium
STU2057,67.86,46.9,65.94,4.74,1.03,1,61.02,59.71,1,92.59,High
STU2058,88.12,71.48,69.59,7.83,6.37,1,71.94,67.82,0,75.68,Medium
STU2059,78.94,55.32,99.3,6.0,3.48,0,56.65,64.44,0,37.39,Medium
STU2060,77.9,76.8,80.3,6.33,4.01,2,75.08,57.51,0,48.66,Medium
STU2061,87.76,45.74,93.04,6.36,2.46,1,75.82,55.86,0,53.72,Medium
STU2062,72.94,95.94,78.96,5.68,1.11,0,65.16,72.84,0,53.7,Medium
STU2063,80.86,48.87,59.33,7.6,2.41,0,76.82,73.28,1,70.86,Medium
STU2064,73.45,68.95,71.76,8.75,3.89,2,68.05,82.81,1,45.47,Medium
STU2065,78.98,79.25,73.54,7.46,4.71,1,67.18,68.52,1,87.56,Medium
STU2066,66.26,54.73,55.91,6.94,3.79,1,53.03,27.63,0,85.92,High
STU2067,38.42,80.34,64.23,5.42,4.12,0,70.92,100.0,0,77.39,Medium
STU2068,72.99,42.87,66.91,7.52,2.89,3,58.18,64.84,0,65.88,High
STU2069,96.34,91.14,94.08,9.82,4.39,1,82.78,57.62,1,83.75,Low
STU2070,88.89,65.25,38.79,6.27,6.17,1,53.67,63.95,1,59.48,Medium
STU2071,89.48,54.26,88.09,6.27,4.77,1,72.57,57.87,1,50.51,Medium
STU2072,93.54,59.61,55.95,6.01,4.96,0,63.57,50.26,0,88.8,Medium
STU2073,76.33,79.56,49.42,6.11,4.03,3,72.53,76.06,0,71.35,High
STU2074,77.96,54.48,87.7,3.0,0.79,0,67.01,62.33,0,51.32,High
STU2075,65.74,51.51,80.98,7.37,1.62,1,54.09,63.39,1,56.65,High
STU2076,70.26,61.01,88.82,5.62,4.32,1,86.59,20.0,1,50.27,High
STU2077,84.24,43.81,82.01,4.55,3.48,0,52.92,60.92,2,100.0,High
STU2078,93.06,97.77,100.0,7.85,4.29,1,78.92,45.62,3,65.08,Medium
STU2079,72.91,54.8,78.38,5.29,6.52,2,39.13,55.6,1,68.16,High
STU2080,68.25,79.97,67.65,6.33,4.81,0,63.09,69.25,1,79.42,Medium
STU2081,75.01,68.77,75.14,8.85,5.77,0,94.0,53.96,1,40.69,Low
STU2082,84.02,47.28,88.65,4.83,3.67,0,63.32,56.44,1,86.93,High
STU2083,53.34,64.89,58.31,4.65,2.05,3,69.64,66.74,0,52.84,High
STU2084,40.56,79.11,60.22,7.18,3.4,1,95.24,55.88,1,100.0,Medium
STU2085,66.74,61.61,65.37,8.41,2.05,3,65.57,46.0,2,58.75,High
STU2086,56.69,86.48,38.43,4.6,6.3,1,72.4,34.01,0,85.75,High
STU2087,67.38,83.39,72.07,7.37,4.92,2,78.28,71.06,0,15.06,Medium
STU2088,72.78,81.54,41.71,7.61,4.44,4,44.55,55.7,0,41.5,High
STU2089,68.2,56.73,70.8,3.92,5.72,1,59.75,35.02,0,59.13,High
STU2090,96.79,45.56,82.98,7.92,0.5,0,70.21,87.42,0,24.38,Medium
STU2091,79.9,53.96,62.85,8.03,4.56,1,40.87,71.08,0,77.02,Medium
STU2092,79.51,68.53,95.16,6.36,1.14,0,91.29,43.62,2,71.26,High
STU2093,84.33,74.82,48.09,8.55,3.49,1,80.86,52.32,0,45.18,Medium
STU2094,57.92,25.91,87.87,8.39,2.94,2,78.33,83.84,0,64.68,High
STU2095,90.59,64.85,80.13,6.94,4.69,1,90.44,61.84,0,81.13,Medium
STU2096,73.86,67.85,44.26,6.17,3.91,3,80.3,57.47,0,22.94,High
STU2097,85.06,60.0,100.0,5.44,5.92,3,64.09,78.51,1,39.53,High
STU2098,58.92,88.24,69.04,6.75,2.42,0,40.25,61.98,2,58.3,High
STU2099,51.69,72.59,56.84,7.6,4.78,1,56.42,87.13,0,65.47,High
STU2100,87.27,88.58,48.89,6.35,3.79,2,56.91,57.57,2,63.83,High
STU2101,80.65,61.11,66.7,3.72,0.56,0,78.52,54.73,1,82.79,High
STU2102,61.47,81.87,68.09,8.58,1.85,0,69.38,65.3,0,74.54,Medium
STU2103,61.96,94.43,71.54,7.07,3.23,0,41.39,82.36,0,78.93,Medium
STU2104,91.88,88.61,65.53,6.27,5.5,0,82.71,69.49,0,37.2,Low
STU2105,57.16,45.34,79.5,8.0,4.33,2,90.6,66.86,0,67.9,Medium
STU2106,99.64,60.43,64.19,8.93,1.4,2,93.08,50.47,0,58.86,Medium
STU2107,61.49,58.79,40.98,3.0,3.25,1,48.79,47.82,1,94.24,High
STU2108,84.58,73.81,67.76,7.41,7.13,1,73.47,82.38,0,68.49,Medium
STU2109,70.07,77.35,34.49,4.8,3.7,0,50.89,84.28,0,51.62,High
STU2110,84.05,49.9,75.31,7.5,2.91,3,100.0,83.69,1,82.05,Medium
STU2111,66.84,66.22,55.31,6.98,4.39,2,68.52,79.24,2,76.27,High
STU2112,72.56,28.64,72.45,7.69,4.87,1,61.71,73.04,0,48.57,Medium
STU2113,75.61,90.96,89.71,6.1,2.68,1,58.58,72.76,1,58.03,Medium
STU2114,59.97,55.78,55.77,4.18,4.4,2,73.68,67.4,0,58.37,High
STU2115,86.11,66.01,85.92,6.17,2.91,2,76.77,75.12,0,89.55,High
STU2116,67.3,59.43,63.5,7.37,4.79,2,39.98,64.25,1,69.06,High
STU2117,71.57,85.63,96.3,8.22,3.81,1,91.75,75.07,1,79.54,Medium
STU2118,60.08,20.0,64.52,5.16,4.37,0,76.01,81.52,0,55.13,High
STU2119,36.56,64.7,57.39,8.24,2.13,1,91.61,42.36,1,71.7,High
STU2120,72.13,63.1,80.31,5.89,2.02,3,97.08,84.73,0,91.07,High
STU2121,100.0,56.83,63.46,7.31,5.2,2,66.31,63.96,0,57.78,Medium
STU2122,86.77,96.07,57.38,6.09,3.36,1,82.57,91.25,0,67.3,Medium
STU2123,74.71,49.03,62.83,7.06,4.01,0,58.21,87.87,0,37.73,Medium
STU2124,71.06,78.89,69.33,8.05,2.95,2,60.05,46.45,2,49.69,High
STU2125,75.34,71.41,90.13,5.08,5.12,2,94.73,65.01,2,58.31,High
STU2126,83.21,87.71,40.99,5.85,2.41,1,55.44,31.41,1,43.78,High
STU2127,57.29,52.99,70.35,7.06,3.26,0,71.34,58.05,0,91.44,Medium
STU2128,91.71,51.81,79.37,10.0,4.91,2,52.57,71.4,1,48.24,Medium
STU2129,85.73,84.73,72.9,5.59,5.61,2,56.85,80.25,1,80.74,High
STU2130,85.77,72.66,89.65,9.66,2.56,1,59.41,66.25,0,68.74,Medium
STU2131,81.58,37.19,68.88,9.61,7.03,0,92.6,72.97,1,65.62,Low
STU2132,75.29,55.29,67.23,6.66,4.06,6,76.73,52.36,3,94.72,High
STU2133,85.09,71.95,78.88,6.38,1.62,0,82.31,64.66,0,19.79,Medium
STU2134,83.88,80.08,71.49,5.83,4.16,2,37.28,54.38,1,61.08,High
STU2135,69.69,52.77,64.14,6.7,2.81,1,68.59,70.09,0,43.39,High
STU2136,66.4,20.0,77.74,4.83,4.28,1,61.5,90.02,0,25.77,High
STU2137,76.53,74.42,60.21,6.69,3.42,0,76.37,63.98,0,41.11,Medium
STU2138,98.24,43.03,60.83,8.9,3.63,0,100.0,40.32,1,65.34,Medium
STU2139,56.41,28.69,62.08,5.94,1.86,0,27.36,68.53,0,50.49,High
STU2140,52.99,20.0,90.3,6.46,5.28,1,74.79,77.7,0,82.93,Medium
STU2141,77.47,79.65,21.68,4.42,1.42,0,100.0,48.48,2,60.72,High
STU2142,75.76,67.32,75.93,7.32,1.5,0,59.33,87.35,1,58.51,Medium
STU2143,77.6,60.94,70.51,7.17,4.16,2,70.55,54.27,0,58.59,Medium
STU2144,78.66,90.0,44.79,6.89,6.39,1,79.5,51.32,3,63.03,Medium
STU2145,71.65,76.47,74.65,6.5,2.87,2,31.35,32.95,1,56.63,High
STU2146,97.35,94.09,77.14,6.39,4.76,1,72.53,69.84,0,47.97,Medium
STU2147,50.99,39.93,78.84,7.5,5.43,0,54.5,97.69,2,84.78,High
STU2148,62.57,64.38,30.22,6.76,4.97,2,100.0,71.6,1,52.52,High
STU2149,73.45,35.9,90.5,7.24,2.94,1,64.47,51.78,0,57.33,Medium
STU2150,50.35,60.87,58.93,7.1,1.54,3,55.92,74.24,0,73.59,High
STU2151,72.36,60.52,80.3,8.37,0.5,1,82.39,79.41,1,71.37,Medium
STU2152,99.92,76.28,81.12,7.75,3.03,1,76.3,85.89,0,47.13,Medium
STU2153,75.31,65.82,56.85,7.07,5.62,0,83.23,42.77,1,80.1,Medium
STU2154,78.46,76.22,79.91,8.93,1.48,1,100.0,92.96,1,75.75,Medium
STU2155,56.1,77.66,64.22,7.39,4.76,1,58.05,68.84,0,68.56,Medium
STU2156,65.75,100.0,38.93,8.63,1.79,1,97.22,96.56,2,56.37,Medium
STU2157,69.37,59.32,87.52,7.65,3.69,0,99.92,67.8,1,56.87,Medium
STU2158,70.23,48.06,58.37,4.22,4.77,1,54.94,75.38,0,60.96,High
STU2159,94.22,69.43,57.18,8.63,2.31,1,56.58,47.92,0,40.36,Medium
STU2160,83.37,50.56,63.95,6.99,3.81,1,68.8,82.73,1,64.21,Medium
STU2161,58.33,91.68,74.08,6.73,2.75,1,64.61,45.62,0,82.84,Medium
STU2162,78.7,59.9,69.14,7.19,4.77,1,97.05,69.84,1,82.53,Medium
STU2163,82.47,54.82,78.22,6.32,3.92,4,53.31,57.25,0,57.38,High
STU2164,92.1,56.52,49.91,7.12,3.6,0,72.16,63.41,0,86.28,Medium
STU2165,98.71,77.93,58.86,5.97,6.31,4,54.99,84.53,1,100.0,High
STU2166,59.77,62.16,68.26,8.58,4.69,2,69.84,58.61,1,58.68,High
STU2167,62.84,53.45,98.47,6.64,2.26,3,100.0,84.9,0,78.83,High
STU2168,56.14,94.98,68.29,6.26,3.35,2,98.99,57.67,1,19.74,High
STU2169,71.49,49.59,86.28,5.51,3.36,1,74.43,67.36,1,39.84,High
STU2170,82.0,65.64,70.58,7.18,3.64,0,78.71,100.0,0,66.82,Medium
STU2171,89.81,76.74,62.75,7.06,8.04,1,76.02,67.19,0,44.87,Medium
STU2172,73.86,35.64,66.3,7.34,4.17,2,62.83,63.63,0,100.0,Medium
STU2173,70.2,73.64,67.47,5.36,0.5,1,100.0,67.52,0,76.96,High
STU2174,77.28,46.01,79.05,4.56,2.52,1,90.43,59.06,0,84.32,High
STU2175,62.47,79.81,90.62,7.68,0.5,0,71.98,46.98,0,64.42,Medium
STU2176,100.0,47.67,75.4,8.88,2.91,2,64.31,100.0,0,44.94,Medium
STU2177,50.89,77.47,87.81,5.36,0.5,3,65.42,57.69,0,54.62,High
STU2178,77.77,84.9,55.53,9.03,1.93,1,73.76,37.6,0,70.09,Medium
STU2179,100.0,80.51,63.78,7.2,0.76,1,67.4,62.2,0,52.24,Medium
STU2180,75.1,69.52,59.14,6.79,4.19,1,87.37,71.42,0,78.42,Medium
STU2181,72.15,60.84,74.72,6.24,3.5,0,76.14,61.26,1,79.23,Medium
STU2182,69.64,54.62,64.62,4.86,4.05,0,51.79,64.12,1,65.1,High
STU2183,72.29,91.48,80.95,8.18,3.31,4,48.51,62.05,0,28.49,High
STU2184,95.59,52.41,56.03,5.71,0.99,2,84.84,72.66,1,99.3,High
STU2185,41.82,46.33,70.65,5.71,4.42,1,48.34,79.74,0,60.75,High
STU2186,98.0,76.98,80.3,8.19,6.96,2,62.07,61.54,0,100.0,Medium
STU2187,53.64,50.67,39.02,4.16,4.24,2,60.53,100.0,0,78.05,High
STU2188,71.0,47.9,100.0,4.67,2.73,3,46.95,83.74,2,60.8,High
STU2189,68.56,39.02,65.75,6.77,0.93,1,73.27,64.9,0,73.96,High
STU2190,83.83,56.31,39.62,7.21,1.87,2,65.9,41.27,1,24.61,High
STU2191,51.03,63.51,72.37,7.48,4.32,0,57.16,67.06,1,85.52,Medium
STU2192,81.93,69.38,70.5,6.38,5.43,3,100.0,79.65,0,100.0,Medium
STU2193,100.0,82.12,68.77,10.0,3.97,0,26.67,79.79,0,23.22,Medium
STU2194,54.55,74.48,84.87,6.48,4.94,0,53.32,31.65,0,59.25,Medium
STU2195,77.85,61.56,81.21,6.48,4.77,1,58.2,67.08,1,62.89,High
STU2196,65.07,61.43,74.47,5.68,4.41,3,44.91,56.35,1,82.5,High
STU2197,81.39,74.18,76.75,6.97,2.31,3,100.0,91.95,2,100.0,High
STU2198,75.29,87.91,68.43,7.66,3.81,0,100.0,67.23,0,72.66,Medium
STU2199,65.38,67.27,96.63,8.49,1.97,2,56.36,23.88,1,100.0,High
STU2200,82.32,56.56,47.81,4.72,3.53,2,89.57,71.63,1,68.41,High
STU2201,100.0,47.13,72.09,6.46,4.1,1,78.14,29.9,0,74.03,Medium
STU2202,72.14,38.99,70.98,7.43,6.52,2,96.15,73.1,0,71.56,Medium
STU2203,85.8,76.99,82.2,7.62,1.14,3,66.18,100.0,1,89.41,High
STU2204,55.6,75.4,57.34,6.81,4.37,2,75.34,89.49,0,56.55,Medium
STU2205,60.65,75.39,43.84,7.56,6.17,1,91.84,69.66,3,81.37,Medium
STU2206,82.09,62.68,72.35,5.67,4.87,0,89.24,53.13,1,40.38,Medium
STU2207,97.26,90.32,74.22,8.98,5.0,1,70.58,87.93,0,59.31,Low
STU2208,80.33,56.29,92.34,8.19,4.56,2,51.98,76.45,1,52.27,Medium
STU2209,70.3,82.19,50.94,4.92,5.84,2,55.02,60.2,1,66.76,High
STU2210,74.99,64.3,87.32,5.29,1.54,0,36.56,55.3,0,58.68,High
STU2211,56.24,54.05,100.0,5.33,1.01,1,81.38,48.68,1,87.64,High
STU2212,84.07,75.67,64.33,7.75,3.49,2,71.61,71.74,0,47.43,Medium
STU2213,88.23,72.37,50.64,5.0,0.5,1,72.92,57.5,0,30.37,Medium
STU2214,68.22,71.43,63.9,6.34,5.72,1,67.57,68.02,1,37.85,Medium
STU2215,67.95,66.46,70.21,7.44,5.7,2,48.56,81.7,0,84.88,High
STU2216,78.99,64.32,78.46,6.71,2.72,1,73.31,57.05,0,45.61,Medium
STU2217,68.45,100.0,61.13,7.16,2.83,0,78.29,76.61,0,72.96,Low
STU2218,74.01,86.32,93.33,5.31,3.37,3,53.24,87.0,0,59.1,High
STU2219,100.0,78.01,53.28,7.63,3.59,2,67.52,72.11,1,81.48,Medium
STU2220,71.29,67.01,43.91,5.94,3.73,1,56.98,77.59,0,60.38,Medium
STU2221,69.62,83.13,86.6,6.35,4.5,1,64.34,72.25,2,100.0,Medium
STU2222,65.29,74.32,35.88,7.13,3.19,1,48.7,65.29,0,100.0,Medium
STU2223,86.16,65.47,66.94,6.94,5.2,1,63.44,80.07,1,58.7,Medium
STU2224,72.28,59.54,100.0,6.83,4.3,4,95.67,93.97,1,55.96,High
STU2225,65.26,63.54,69.82,5.75,2.41,1,59.47,80.39,0,100.0,Medium
STU2226,94.82,20.0,53.19,6.38,5.9,0,56.42,61.51,1,43.42,Medium
STU2227,96.29,68.79,69.14,6.8,1.06,1,57.49,61.99,0,63.9,Medium
STU2228,65.99,56.21,69.24,4.87,3.33,3,64.77,62.66,1,65.45,High
STU2229,47.0,93.67,72.41,6.15,5.24,2,98.47,82.05,0,64.95,Medium
STU2230,90.11,65.35,79.93,7.34,2.2,0,91.9,55.53,1,30.23,Medium
STU2231,64.73,43.6,54.41,5.01,4.06,1,65.56,46.56,0,74.93,High
STU2232,86.86,64.1,95.31,8.42,4.48,1,57.07,73.44,1,45.59,Medium
STU2233,45.45,46.17,73.68,8.58,1.95,0,38.06,65.39,2,93.72,Medium
STU2234,88.39,73.52,80.9,5.06,3.37,4,52.51,91.66,1,35.88,High
STU2235,56.83,70.24,60.58,8.7,3.22,1,34.43,24.38,0,66.19,High
STU2236,85.96,82.24,89.3,6.6,2.51,1,80.58,68.75,0,20.68,Medium
STU2237,75.21,50.76,66.14,7.39,7.64,2,90.7,57.73,1,21.91,Medium
STU2238,60.69,65.61,74.16,6.1,2.13,1,61.62,79.59,2,48.21,High
STU2239,68.89,40.43,56.0,8.09,5.31,1,74.53,59.96,1,51.04,Medium
STU2240,85.29,77.63,55.05,7.37,2.79,3,49.49,54.63,0,94.31,Medium
STU2241,76.59,74.34,80.32,5.66,1.54,1,35.02,81.85,1,64.19,High
STU2242,83.77,73.92,63.35,5.17,3.69,2,68.95,88.02,0,90.85,High
STU2243,100.0,65.03,57.19,4.76,4.67,1,74.52,63.24,2,57.4,High
STU2244,51.54,72.47,60.35,7.06,5.16,1,96.97,63.59,1,77.12,Medium
STU2245,99.26,93.88,80.48,7.6,6.31,0,100.0,87.87,2,50.49,Low
STU2246,76.57,59.87,60.56,7.71,8.8,1,63.26,85.86,1,49.13,Medium
STU2247,61.52,67.5,68.24,6.63,3.95,0,83.51,83.57,0,28.58,Medium
STU2248,55.05,45.45,70.23,5.18,2.31,2,73.36,57.75,1,71.72,High
STU2249,72.16,49.37,41.24,5.85,4.32,4,68.04,53.15,1,70.24,High
STU2250,88.82,66.76,47.93,8.41,3.02,1,67.36,94.46,0,80.55,Low
STU2251,73.09,84.87,75.04,6.12,5.17,0,65.54,75.97,0,69.3,Medium
STU2252,97.67,60.39,58.94,7.0,1.17,3,66.27,51.65,0,100.0,High
STU2253,53.23,60.75,85.85,5.29,7.76,2,96.16,63.09,0,68.52,Medium
STU2254,74.82,57.68,84.5,7.27,5.04,2,71.65,66.53,0,84.84,Medium
STU2255,56.21,55.37,80.79,6.16,0.5,2,97.61,63.1,0,58.52,High
STU2256,80.45,70.31,97.3,8.27,2.22,1,52.73,59.74,2,46.83,Medium
STU2257,88.3,38.05,68.75,7.88,4.97,2,20.0,87.15,0,79.35,Medium
STU2258,68.69,88.06,79.73,6.11,5.62,0,60.13,74.51,2,63.22,Medium
STU2259,35.94,53.02,61.23,6.62,1.21,0,53.79,100.0,1,81.64,High
STU2260,77.98,77.99,100.0,6.03,4.78,2,42.61,88.14,1,72.06,High
STU2261,81.55,42.14,99.75,4.81,0.5,1,90.11,67.45,1,49.14,High
STU2262,81.06,77.04,70.18,5.6,3.34,0,45.28,90.51,1,86.49,Medium
STU2263,93.54,77.1,75.8,7.08,5.5,1,77.91,71.35,1,47.58,Medium
STU2264,58.93,71.92,90.39,7.26,2.51,0,100.0,100.0,1,77.51,Medium
STU2265,85.2,47.1,67.79,7.01,0.79,4,48.45,59.33,0,90.63,High
STU2266,92.89,69.49,60.15,6.38,3.76,1,64.07,73.15,2,57.31,Medium
STU2267,48.32,43.7,83.11,8.11,2.41,1,91.0,54.19,2,88.12,High
STU2268,79.79,60.45,71.18,6.89,4.63,0,60.94,58.14,3,72.95,Medium
STU2269,67.44,83.53,72.74,7.78,1.91,0,73.65,58.85,3,82.04,Medium
STU2270,73.78,79.34,57.49,4.32,2.11,4,78.87,87.25,0,48.26,High
STU2271,80.22,65.27,44.23,3.0,0.5,3,70.95,68.74,1,69.29,High
STU2272,67.69,47.45,73.54,7.2,3.81,1,60.38,20.74,0,36.84,Medium
STU2273,64.86,76.62,83.57,4.81,3.21,0,54.73,66.69,0,99.23,Medium
STU2274,75.51,65.35,66.61,6.5,1.36,3,49.39,47.47,0,24.72,High
STU2275,58.69,23.23,91.55,6.38,3.85,2,78.14,57.07,3,57.9,High
STU2276,58.71,79.09,59.44,9.02,5.35,3,56.82,85.71,0,46.37,Medium
STU2277,85.19,64.56,54.18,7.36,3.11,1,88.33,40.82,0,78.49,Medium
STU2278,57.77,86.64,68.99,7.03,3.98,1,95.02,42.89,0,100.0,Medium
STU2279,84.99,45.29,68.76,7.97,3.99,1,48.33,35.11,1,78.1,Medium
STU2280,81.94,20.0,81.55,7.32,1.33,0,80.55,58.03,0,100.0,Medium
STU2281,49.11,70.02,58.38,6.16,7.2,2,100.0,34.59,0,37.44,Medium
STU2282,64.84,70.25,90.52,8.3,2.65,2,53.46,36.1,0,38.98,Medium
STU2283,92.91,34.57,99.5,5.25,4.68,3,88.41,60.86,0,47.14,High
STU2284,60.28,47.39,69.41,7.25,4.88,1,77.55,70.65,0,67.42,Medium
STU2285,68.03,100.0,88.75,4.63,3.25,1,84.33,48.6,0,44.46,High
STU2286,81.93,59.5,54.15,7.09,4.59,1,55.14,71.5,0,49.97,Medium
STU2287,86.75,78.16,86.13,7.07,3.94,1,100.0,66.99,0,77.41,Low
STU2288,71.23,53.29,85.71,9.15,0.95,1,56.62,74.72,2,40.22,Medium
STU2289,66.04,27.37,82.95,4.61,2.9,2,78.89,46.27,2,42.34,High
STU2290,96.34,61.94,69.77,5.96,2.4,0,66.92,100.0,0,57.03,Medium
STU2291,100.0,60.22,25.69,7.95,2.67,0,77.12,44.49,0,58.91,Medium
STU2292,89.68,57.8,60.37,7.27,1.15,2,51.28,53.74,0,85.2,Medium
STU2293,76.28,62.94,60.61,7.05,5.53,0,47.13,74.27,1,46.99,Medium
STU2294,62.88,69.76,55.33,5.46,6.38,0,72.88,67.12,1,50.59,Medium
STU2295,62.54,62.3,71.83,5.97,5.26,1,61.76,80.24,4,76.63,High
STU2296,82.84,42.25,63.72,8.54,5.79,1,61.18,59.42,1,81.03,Medium
STU2297,81.28,73.75,57.63,6.73,2.88,0,77.26,42.92,1,93.57,Medium
STU2298,96.02,29.91,54.12,7.33,2.35,0,42.59,37.55,0,74.38,High
STU2299,84.76,28.09,59.27,6.64,2.1,2,88.52,97.03,1,67.61,High
STU2300,52.45,78.31,86.82,5.14,4.66,2,70.03,59.55,0,76.5,High
STU2301,90.78,74.13,60.08,8.11,3.91,1,80.97,61.99,0,59.65,Medium
STU2302,60.03,63.97,62.28,7.5,3.36,2,76.96,97.43,1,59.5,High
STU2303,69.24,39.88,63.15,10.0,5.83,1,77.9,56.14,2,29.52,Medium
STU2304,78.75,52.26,75.08,5.38,4.23,1,47.63,65.44,1,82.87,High
STU2305,100.0,60.27,76.84,7.95,1.99,1,87.8,46.41,1,69.23,Medium
STU2306,100.0,36.27,24.33,4.96,2.27,0,72.64,41.38,0,80.54,High
STU2307,84.1,51.7,85.32,7.02,4.73,0,59.93,99.02,0,10.0,Medium
STU2308,72.25,76.74,91.55,8.17,5.38,0,65.87,99.27,0,64.06,Medium
STU2309,83.02,90.69,54.25,3.9,4.49,1,74.16,83.38,0,47.88,Medium
STU2310,88.31,57.45,55.42,6.51,6.91,1,71.06,82.78,0,95.03,Medium
STU2311,70.19,78.62,63.25,6.01,6.44,5,78.15,78.58,0,77.28,High
STU2312,100.0,30.55,58.66,5.82,4.29,1,96.11,51.69,0,69.68,Medium
STU2313,78.45,76.87,73.36,7.34,1.99,1,50.38,70.23,2,56.36,High
STU2314,82.47,50.53,40.8,8.37,1.14,1,80.75,55.93,1,72.94,High
STU2315,84.99,70.53,53.23,6.61,2.8,1,66.18,20.0,2,46.44,High
STU2316,81.32,60.54,93.09,7.09,4.86,3,87.42,85.15,1,63.01,High
STU2317,87.58,88.77,56.08,6.96,6.79,1,95.64,74.98,0,53.43,Low
STU2318,65.74,49.26,88.65,6.8,4.25,1,71.33,41.29,2,100.0,High
STU2319,66.63,76.3,75.33,5.27,5.6,0,78.55,58.51,1,94.4,Medium
STU2320,58.5,59.97,42.86,8.35,3.06,1,88.67,83.94,1,86.26,Medium
STU2321,81.59,62.15,79.53,7.21,4.62,2,84.97,67.37,0,35.19,Medium
STU2322,86.68,61.69,68.23,7.35,4.98,1,89.37,34.42,1,82.28,Medium
STU2323,81.87,49.78,63.17,5.67,0.5,0,62.93,43.16,0,68.75,High
STU2324,100.0,64.75,73.67,6.16,2.76,0,59.21,98.43,0,89.47,Low
STU2325,74.92,63.87,77.12,6.55,5.21,0,48.69,66.19,0,71.45,Medium
STU2326,85.03,69.34,80.61,4.65,3.99,0,64.68,84.05,1,64.87,Medium
STU2327,58.62,66.52,87.67,4.44,1.35,0,66.57,98.09,1,69.68,High
STU2328,69.19,79.36,76.12,5.96,0.5,0,65.56,56.74,0,28.89,High
STU2329,85.43,81.62,49.37,7.53,2.84,0,76.37,71.34,0,49.65,Medium
STU2330,87.74,46.09,62.9,5.89,3.37,1,76.81,29.6,1,72.47,High
STU2331,70.59,80.64,100.0,5.37,1.91,3,66.89,54.07,0,87.79,High
STU2332,73.93,43.65,80.87,5.66,3.76,2,73.9,75.36,0,53.99,High
STU2333,52.23,75.58,100.0,6.16,4.41,3,82.05,61.54,1,64.18,High
STU2334,69.64,76.16,90.93,6.3,4.71,1,54.42,73.13,1,32.98,Medium
STU2335,88.36,30.6,73.63,9.83,0.5,0,83.86,81.74,0,94.19,Low
STU2336,83.63,66.67,74.52,8.28,1.13,2,57.61,75.08,0,87.27,Medium
STU2337,82.51,56.57,69.45,8.23,2.95,1,92.46,70.95,0,78.04,Medium
STU2338,75.75,51.34,43.93,8.44,4.53,2,70.83,68.44,2,73.14,High
STU2339,75.11,89.32,70.27,5.4,4.38,0,69.09,54.77,0,96.05,Medium
STU2340,65.1,53.23,88.16,5.09,4.35,1,37.58,48.37,0,48.9,High
STU2341,85.48,50.49,61.01,5.25,2.81,0,79.18,89.4,0,46.74,Medium
STU2342,81.31,66.36,76.18,8.67,2.91,0,69.62,79.26,0,86.23,Medium
STU2343,82.38,77.34,82.77,6.03,2.19,2,70.96,50.8,1,84.89,High
STU2344,67.11,62.45,56.35,5.05,4.88,2,66.42,66.15,1,41.13,High
STU2345,42.7,85.99,63.23,6.2,1.84,1,78.63,39.95,0,54.37,High
STU2346,91.46,74.56,54.73,6.47,5.03,0,82.03,56.4,0,98.78,Medium
STU2347,67.82,25.79,57.67,7.18,3.87,0,76.23,74.64,0,73.23,Medium
STU2348,62.06,55.47,50.69,7.15,3.42,2,90.39,69.68,0,80.74,Medium
STU2349,85.4,54.89,56.49,5.64,2.32,1,55.77,67.08,0,41.82,Medium
STU2350,69.12,73.63,91.29,7.76,1.06,0,57.92,49.09,0,78.13,Medium
STU2351,90.9,20.0,56.27,5.91,2.33,3,74.91,45.44,1,36.61,High
STU2352,84.26,100.0,71.9,6.58,2.91,1,79.25,82.1,1,25.4,Medium
STU2353,85.25,74.56,62.46,7.76,0.5,0,76.78,95.48,1,79.54,Medium
STU2354,54.51,67.68,87.68,5.9,3.14,2,46.11,74.9,0,93.69,High
STU2355,93.18,86.27,89.67,6.0,5.16,1,47.56,61.9,1,59.92,Medium
STU2356,78.92,100.0,82.96,7.63,4.52,1,64.86,87.05,1,54.07,Medium
STU2357,69.46,80.67,74.59,5.6,2.61,2,37.58,49.84,0,99.22,Medium
STU2358,77.15,82.08,66.53,6.26,3.58,0,72.44,83.96,4,61.1,High
STU2359,48.36,67.35,52.12,7.58,2.5,1,66.73,54.26,0,63.68,High
STU2360,81.13,62.45,99.15,9.68,3.77,0,52.45,55.14,1,98.88,Low
STU2361,59.56,56.44,58.6,7.65,6.27,2,58.62,59.01,0,57.93,Medium
STU2362,54.71,50.13,79.95,7.46,5.24,2,69.87,63.18,0,51.92,High
STU2363,52.16,52.63,85.89,7.54,4.44,0,42.61,81.47,1,81.31,High
STU2364,91.69,40.69,61.67,5.3,2.61,4,57.74,41.52,1,50.76,High
STU2365,65.56,63.63,85.57,6.96,4.85,1,63.52,54.12,0,62.11,Medium
STU2366,98.01,34.68,81.46,6.76,0.5,2,62.9,68.77,2,38.62,High
STU2367,66.96,68.44,95.92,7.25,3.05,0,63.39,75.04,0,68.71,Medium
STU2368,49.39,64.35,62.96,6.96,4.55,0,91.1,34.31,0,66.36,Medium
STU2369,58.25,67.64,50.71,7.33,4.83,1,84.13,50.77,1,84.36,Medium
STU2370,93.54,55.6,62.42,6.36,4.71,1,57.07,33.52,0,82.15,Medium
STU2371,72.66,100.0,73.13,6.88,4.03,1,50.37,52.41,1,76.03,High
STU2372,66.78,89.48,70.87,5.08,3.15,3,60.97,57.13,0,72.89,High
STU2373,77.4,42.6,64.1,6.35,4.47,0,88.86,74.05,3,63.53,High
STU2374,82.53,69.19,41.36,8.75,1.78,0,31.84,23.76,2,77.19,Medium
STU2375,91.76,54.06,77.06,7.25,1.98,2,69.42,76.76,1,42.75,Medium
STU2376,96.73,46.74,99.59,6.77,3.61,1,62.76,55.83,2,18.02,High
STU2377,69.6,40.88,76.96,9.45,3.81,1,88.37,58.86,0,88.24,Low
STU2378,55.11,72.78,79.14,4.89,0.5,1,84.68,82.48,1,78.48,High
STU2379,68.8,52.74,78.59,5.25,4.32,0,43.04,89.21,2,62.46,High
STU2380,78.9,82.42,75.96,9.2,4.89,1,88.34,53.21,0,86.49,Low
STU2381,60.54,82.89,83.97,6.86,3.36,1,28.33,53.09,1,50.37,High
STU2382,60.64,89.73,75.93,6.46,7.77,0,78.41,58.62,1,50.89,Medium
STU2383,80.16,49.66,65.31,5.12,2.27,1,79.93,53.0,1,48.12,High
STU2384,74.27,73.56,58.06,7.43,2.85,1,96.65,39.17,2,76.35,Medium
STU2385,75.49,76.38,66.27,7.56,2.79,2,71.86,64.43,0,33.34,Medium
STU2386,63.62,56.46,74.71,5.27,3.36,3,56.7,53.12,1,49.66,High
STU2387,71.54,51.11,65.26,6.6,2.91,0,50.86,66.76,1,70.79,Medium
STU2388,61.14,93.97,74.72,6.33,0.97,2,92.82,95.76,0,40.92,High
STU2389,88.35,69.09,76.59,7.16,2.52,0,96.85,63.1,0,51.79,Medium
STU2390,90.53,76.45,82.5,5.23,3.32,0,60.38,51.4,0,20.77,Medium
STU2391,47.31,50.2,89.24,8.55,5.71,2,68.38,60.1,2,77.12,Medium
STU2392,61.06,43.05,71.17,8.08,7.46,0,91.18,67.32,0,51.24,Medium
STU2393,52.55,54.75,50.38,6.29,5.9,1,81.07,62.02,1,43.01,High
STU2394,65.25,62.77,64.82,6.5,2.1,3,64.82,54.87,0,39.1,High
STU2395,73.75,45.84,70.66,6.61,2.25,4,55.09,35.18,0,56.64,High
STU2396,53.26,64.82,42.46,5.71,3.21,3,53.7,76.41,0,33.4,High
STU2397,61.17,34.61,90.83,6.18,6.71,2,84.21,48.92,1,100.0,High
STU2398,59.94,44.84,72.14,6.42,3.2,0,61.76,91.32,0,17.31,Medium
STU2399,78.11,77.08,75.72,9.06,1.11,1,61.09,58.36,1,55.99,Medium
STU2400,76.04,75.87,90.48,8.13,2.6,0,78.4,55.7,1,67.14,Medium
STU2401,64.17,57.95,60.55,8.11,4.86,3,69.37,56.51,1,49.49,High
STU2402,77.65,46.68,78.61,7.32,4.74,1,74.62,67.7,0,69.24,Medium
STU2403,66.8,46.51,68.35,5.24,3.14,1,62.49,49.4,1,49.01,High
STU2404,70.93,58.28,67.24,6.74,4.73,2,61.78,52.85,2,95.6,High
STU2405,100.0,76.6,58.42,8.16,0.5,1,55.51,76.2,0,42.62,Medium
STU2406,95.11,81.71,94.98,5.04,3.69,2,80.05,46.68,0,17.98,High
STU2407,55.51,56.06,64.37,7.69,5.05,0,69.45,74.87,1,39.03,Medium
STU2408,87.45,44.24,80.49,10.0,2.0,0,72.98,79.89,2,72.73,Medium
STU2409,87.17,69.82,41.87,8.29,1.99,1,50.66,77.02,1,62.64,Medium
STU2410,57.78,50.18,87.7,8.78,0.5,0,79.83,69.21,1,80.04,Medium
STU2411,87.28,55.67,85.78,7.11,6.36,1,73.31,32.52,0,75.03,Medium
STU2412,98.07,88.85,71.46,8.16,2.2,0,80.42,43.21,0,52.27,Medium
STU2413,58.16,79.89,66.6,5.8,3.93,1,73.87,40.6,1,55.22,High
STU2414,61.24,67.84,76.0,7.91,4.59,2,72.86,58.19,0,57.29,Medium
STU2415,90.26,42.11,100.0,7.72,6.22,3,37.06,65.56,1,100.0,Medium
STU2416,79.07,68.81,43.55,7.21,3.22,1,87.34,43.56,2,78.82,High
STU2417,83.27,84.13,81.73,8.64,2.53,3,45.55,61.89,0,100.0,Medium
STU2418,80.11,58.24,56.33,6.05,3.81,0,85.63,77.32,2,81.82,Medium
STU2419,80.86,89.32,69.7,6.54,5.81,2,66.76,47.02,1,63.73,Medium
STU2420,55.1,88.27,66.28,6.93,3.19,0,40.69,50.27,0,44.61,Medium
STU2421,90.71,94.95,63.58,5.36,1.78,2,66.54,86.26,1,69.03,High
STU2422,92.54,70.49,69.84,7.12,0.73,0,42.5,48.31,3,63.78,High
STU2423,71.56,75.57,52.99,4.39,1.3,0,86.84,71.16,2,63.13,High
STU2424,74.35,90.46,85.44,8.27,5.06,3,59.23,87.31,0,60.82,Medium
STU2425,52.03,73.05,43.09,6.87,2.92,2,50.3,43.73,1,23.95,High
STU2426,82.71,55.98,78.1,6.07,2.41,0,79.23,45.08,1,90.22,Medium
STU2427,83.58,56.93,65.1,5.63,2.21,0,67.28,60.83,0,63.99,Medium
STU2428,74.07,69.29,52.44,6.47,3.65,1,76.84,66.22,0,36.71,High
STU2429,91.87,41.77,73.04,7.76,3.07,1,66.06,53.45,0,74.64,Medium
STU2430,69.99,62.42,46.65,7.57,3.01,1,87.66,100.0,0,47.88,Medium
STU2431,83.47,84.74,70.6,5.81,5.93,1,61.17,74.7,1,76.24,Medium
STU2432,59.71,25.56,48.66,5.62,6.27,1,41.21,50.52,0,82.63,High
STU2433,74.65,92.62,76.92,7.72,0.6,3,49.4,40.41,0,85.39,High
STU2434,72.38,85.2,56.13,5.79,4.09,0,75.4,63.87,1,61.78,Medium
STU2435,78.38,56.72,63.24,6.88,2.1,1,56.82,72.9,2,56.72,High
STU2436,69.46,74.78,74.41,6.97,3.05,0,89.82,98.13,0,52.49,Medium
STU2437,73.03,65.06,58.41,7.24,4.06,5,48.1,66.36,2,50.55,High
STU2438,87.39,87.14,69.13,8.0,3.12,2,85.31,60.63,1,64.66,Medium
STU2439,68.45,82.69,47.29,5.03,3.91,0,60.64,47.42,0,60.81,Medium
STU2440,50.9,39.8,79.46,4.12,4.71,1,90.23,71.67,1,48.49,High
STU2441,100.0,75.57,96.47,6.01,4.03,0,76.6,83.3,3,42.12,Medium
STU2442,95.72,61.3,100.0,9.32,2.34,1,71.27,32.83,0,62.82,Low
STU2443,55.62,66.49,71.37,9.63,2.37,5,79.29,66.34,0,56.32,High
STU2444,85.35,51.89,81.82,9.36,0.91,2,88.85,46.64,0,42.17,Medium
STU2445,67.46,96.47,43.29,6.53,1.96,0,67.14,40.56,0,81.61,Medium
STU2446,78.95,83.72,92.54,4.31,7.03,2,36.09,95.49,1,100.0,High
STU2447,79.41,51.68,81.64,3.52,2.07,1,88.4,80.97,3,84.25,High
STU2448,71.48,40.98,62.74,5.94,1.35,0,63.39,54.09,0,50.6,High
STU2449,63.24,58.06,88.56,6.52,4.08,1,100.0,62.09,0,64.0,Medium
STU2450,64.64,72.82,66.18,8.62,3.3,2,57.75,59.29,2,95.81,Medium
STU2451,61.26,69.32,63.13,8.01,3.15,1,61.53,44.74,2,41.53,High
STU2452,62.52,87.56,77.13,7.12,6.04,4,80.66,55.27,0,80.65,Medium
STU2453,73.99,79.22,54.05,5.55,4.49,2,80.95,79.11,1,36.04,High
STU2454,64.26,82.45,85.32,5.45,2.55,0,75.18,54.82,0,98.68,Medium
STU2455,85.23,70.88,54.16,7.16,2.74,0,58.48,73.35,0,56.39,Medium
STU2456,97.31,39.99,54.25,7.78,2.6,1,48.28,54.95,2,100.0,High
STU2457,66.3,61.48,56.35,7.35,5.07,0,56.49,43.68,0,99.56,Medium
STU2458,78.59,84.08,81.39,5.35,2.95,2,42.22,86.5,0,62.87,High
STU2459,82.5,64.07,60.75,7.71,0.5,1,100.0,26.65,0,50.61,Medium
STU2460,82.08,74.06,49.78,7.4,3.41,1,50.58,97.13,0,68.9,Medium
STU2461,76.14,59.26,60.91,5.3,0.73,2,63.0,82.96,0,61.4,High
STU2462,86.14,46.46,69.52,5.7,7.43,0,79.77,68.29,0,56.97,Medium
STU2463,82.23,62.78,52.29,7.76,1.76,2,68.09,56.97,1,31.84,Medium
STU2464,56.44,70.56,52.72,6.47,3.21,0,57.95,58.38,0,54.71,Medium
STU2465,88.04,53.2,100.0,9.02,3.96,2,65.47,68.64,0,42.79,Medium
STU2466,88.31,60.76,57.09,7.5,2.98,3,57.65,68.33,1,76.03,High
STU2467,63.55,48.09,65.15,6.12,2.98,1,63.67,47.73,1,84.82,High
STU2468,75.57,85.15,64.49,6.79,4.26,2,74.64,66.22,2,79.81,High
STU2469,85.25,59.7,63.68,6.89,6.25,1,50.38,69.66,0,71.85,Medium
STU2470,71.86,91.15,79.32,5.78,4.88,1,86.37,59.59,1,47.94,Medium
STU2471,91.09,92.52,84.22,5.52,6.16,1,69.24,100.0,0,69.11,Medium
STU2472,100.0,63.54,65.41,7.78,1.62,3,58.08,62.59,4,80.86,High
STU2473,63.21,46.85,51.45,7.98,4.07,1,62.63,33.26,1,53.28,High
STU2474,54.28,27.45,89.12,7.65,3.78,3,87.85,46.81,1,67.38,High
STU2475,79.56,38.5,68.57,8.92,4.13,0,81.91,77.66,1,62.09,Medium
STU2476,85.82,40.27,95.95,6.04,5.98,1,72.08,52.0,0,98.25,Medium
STU2477,71.54,89.81,36.32,9.14,3.1,4,57.79,47.11,1,82.03,High
STU2478,96.8,67.08,72.93,5.54,2.77,1,77.66,90.12,1,77.18,High
STU2479,54.92,72.01,98.78,5.38,4.46,2,68.24,68.06,1,30.67,High
STU2480,85.39,25.03,64.7,4.34,0.5,1,97.68,54.18,0,68.46,High
STU2481,65.91,43.44,66.62,6.18,3.07,1,67.36,20.0,1,61.9,High
STU2482,100.0,80.97,74.43,6.09,3.26,2,96.62,76.17,0,61.73,Medium
STU2483,100.0,70.16,61.62,7.54,1.84,1,71.31,65.28,0,33.73,Medium
STU2484,63.5,62.35,65.32,7.14,5.4,0,50.37,88.41,2,43.24,Medium
STU2485,66.76,75.17,64.93,5.13,1.59,1,100.0,45.3,3,63.64,High
STU2486,87.89,94.44,60.59,6.25,3.26,0,43.4,58.28,1,87.29,Medium
STU2487,69.19,61.02,88.43,6.28,4.03,1,34.4,70.38,3,53.19,High
STU2488,74.32,66.25,76.92,4.31,5.94,3,32.73,87.61,1,57.0,High
STU2489,75.38,68.47,73.76,5.43,3.48,1,100.0,69.65,0,100.0,Medium
STU2490,46.2,100.0,82.13,5.72,5.19,2,100.0,52.27,1,59.06,High
STU2491,74.79,27.21,66.03,8.81,4.76,0,70.45,88.36,0,62.42,Low
STU2492,64.65,77.3,58.39,7.07,3.72,1,75.38,59.38,0,62.7,High
STU2493,67.6,62.93,60.96,7.73,1.54,2,72.27,68.24,0,38.09,Medium
STU2494,96.65,75.2,70.03,4.7,0.92,0,37.9,78.51,2,76.44,High
STU2495,56.15,53.17,54.11,8.47,3.69,1,92.8,93.14,0,51.94,Medium
STU2496,87.2,64.12,62.5,8.62,2.52,2,90.57,71.64,3,64.4,Medium
STU2497,70.82,77.81,62.26,4.0,5.15,1,47.07,100.0,2,73.89,High
STU2498,70.8,100.0,100.0,5.81,4.84,2,73.54,63.39,0,100.0,Medium
STU2499,86.86,79.54,28.39,7.49,3.17,0,66.75,70.28,1,38.64,Medium
STU2500,80.1,49.73,67.31,7.7,1.42,3,64.41,53.86,1,82.3,High
